"Source:","/home/eddy/Docs/SAO/ELECTRONICS/STM32/F0-srcs/usbcan/kicad_new/stm32.kicad_sch"
"Date:","Пт 23 сен 2022 11:34:14"
"Tool:","Eeschema 6.0.5"
"Generator:","/usr/local/share/kicad/plugins/bom_csv_grouped_by_value.py"
"Component Count:","32"

"Individual Components:"

"Item","Qty","Reference(s)","Value","LibPart","Footprint","Datasheet"
"","","C1","47u","stm32-rescue:CP","Capacitor_Tantalum_SMD:CP_EIA-3216-18_Kemet-A_Pad1.58x1.35mm_HandSolder",""
"","","C2","0.1","stm32-rescue:C","Capacitor_SMD:C_0603_1608Metric_Pad1.05x0.95mm_HandSolder",""
"","","C3","0.1","stm32-rescue:C","Capacitor_SMD:C_0603_1608Metric_Pad1.05x0.95mm_HandSolder",""
"","","C4","0.1","stm32-rescue:C","Capacitor_SMD:C_0603_1608Metric_Pad1.05x0.95mm_HandSolder",""
"","","C5","0.1","stm32-rescue:C","Capacitor_SMD:C_0603_1608Metric_Pad1.05x0.95mm_HandSolder",""
"","","C6","0.1","stm32-rescue:C","Capacitor_SMD:C_0603_1608Metric_Pad1.05x0.95mm_HandSolder",""
"","","C7","0.1","stm32-rescue:C","Capacitor_SMD:C_0603_1608Metric_Pad1.05x0.95mm_HandSolder",""
"","","C8","1","stm32-rescue:C","Capacitor_SMD:C_0805_2012Metric_Pad1.15x1.40mm_HandSolder",""
"","","C9","1","stm32-rescue:C","Capacitor_SMD:C_0805_2012Metric_Pad1.15x1.40mm_HandSolder",""
"","","D1","PESD1CAN","elements:PESD1CAN","TO_SOT_Packages_SMD:SOT-23",""
"","","D2","USB6B1","elements:USB6B1","Package_SO:SOIC-8_3.9x4.9mm_P1.27mm",""
"","","D3","LED0","stm32-rescue:LED-RESCUE-stm32","LED_SMD:LED_0805_2012Metric_Pad1.15x1.40mm_HandSolder",""
"","","D4","LED1","stm32-rescue:LED-RESCUE-stm32","LED_SMD:LED_0805_2012Metric_Pad1.15x1.40mm_HandSolder",""
"","","J1","Screw_Terminal_01x03","Connector:Screw_Terminal_01x03","TerminalBlock_Phoenix:TerminalBlock_Phoenix_MKDS-1,5-3_1x03_P5.00mm_Horizontal","~"
"","","J3","SWDetc","Connector:Conn_01x06_Female","Connector_PinHeader_2.54mm:PinHeader_1x06_P2.54mm_Vertical","~"
"","","J4","USB_B","Connector:USB_B","Connectors_USB:USB_B_OST_USB-B1HSxx_Horizontal"," ~"
"","","P1","Hole","stm32-rescue:CONN_01X01","my_footprints:Hole_3mm",""
"","","P2","Hole","stm32-rescue:CONN_01X01","my_footprints:Hole_3mm",""
"","","P3","Hole","stm32-rescue:CONN_01X01","my_footprints:Hole_3mm",""
"","","P4","Hole","stm32-rescue:CONN_01X01","my_footprints:Hole_3mm",""
"","","Q1","B0505S","elements:B0505S","my_footprints:B0x0xS",""
"","","R1","120","stm32-rescue:R","Resistor_SMD:R_1210_3225Metric_Pad1.42x2.65mm_HandSolder",""
"","","R3","22","stm32-rescue:R","Resistor_SMD:R_0603_1608Metric_Pad1.05x0.95mm_HandSolder",""
"","","R4","22","stm32-rescue:R","Resistor_SMD:R_0603_1608Metric_Pad1.05x0.95mm_HandSolder",""
"","","R5","10k","stm32-rescue:R","Resistor_SMD:R_0603_1608Metric_Pad1.05x0.95mm_HandSolder",""
"","","R6","22","stm32-rescue:R","Resistor_SMD:R_0603_1608Metric_Pad1.05x0.95mm_HandSolder",""
"","","R7","330","stm32-rescue:R","Resistor_SMD:R_0603_1608Metric_Pad1.05x0.95mm_HandSolder",""
"","","R8","330","stm32-rescue:R","Resistor_SMD:R_0603_1608Metric_Pad1.05x0.95mm_HandSolder",""
"","","SW1","SW_DIP_x01","Switch:SW_DIP_x01","Button_Switch_THT:SW_DIP_SPSTx01_Slide_6.7x4.1mm_W7.62mm_P2.54mm_LowProfile","~"
"","","U1","LM1117-3.3","Regulator_Linear:LM1117-3.3","TO_SOT_Packages_SMD:SOT-223-3_TabPin2","http://www.ti.com/lit/ds/symlink/lm1117.pdf"
"","","U3","STM32F072C8Tx","MCU_ST_STM32F0:STM32F072C8Tx","Package_QFP:LQFP-48_7x7mm_P0.5mm","http://www.st.com/st-web-ui/static/active/en/resource/technical/document/datasheet/DM00090510.pdf"
"","","U4","ISO1050DUB","Interface_CAN_LIN:ISO1050DUB","Package_SO:SOP-8_6.62x9.15mm_P2.54mm","http://www.ti.com/lit/ds/symlink/iso1050.pdf"



"Collated Components:"

"Item","Qty","Reference(s)","Value","LibPart","Footprint","Datasheet"
"1","1","C1","47u","stm32-rescue:CP","Capacitor_Tantalum_SMD:CP_EIA-3216-18_Kemet-A_Pad1.58x1.35mm_HandSolder",""
"2","6","C2, C3, C4, C5, C6, C7","0.1","stm32-rescue:C","Capacitor_SMD:C_0603_1608Metric_Pad1.05x0.95mm_HandSolder",""
"3","2","C8, C9","1","stm32-rescue:C","Capacitor_SMD:C_0805_2012Metric_Pad1.15x1.40mm_HandSolder",""
"4","1","D1","PESD1CAN","elements:PESD1CAN","TO_SOT_Packages_SMD:SOT-23",""
"5","1","D2","USB6B1","elements:USB6B1","Package_SO:SOIC-8_3.9x4.9mm_P1.27mm",""
"6","1","D3","LED0","stm32-rescue:LED-RESCUE-stm32","LED_SMD:LED_0805_2012Metric_Pad1.15x1.40mm_HandSolder",""
"7","1","D4","LED1","stm32-rescue:LED-RESCUE-stm32","LED_SMD:LED_0805_2012Metric_Pad1.15x1.40mm_HandSolder",""
"8","1","J1","Screw_Terminal_01x03","Connector:Screw_Terminal_01x03","TerminalBlock_Phoenix:TerminalBlock_Phoenix_MKDS-1,5-3_1x03_P5.00mm_Horizontal","~"
"9","1","J3","SWDetc","Connector:Conn_01x06_Female","Connector_PinHeader_2.54mm:PinHeader_1x06_P2.54mm_Vertical","~"
"10","1","J4","USB_B","Connector:USB_B","Connectors_USB:USB_B_OST_USB-B1HSxx_Horizontal"," ~"
"11","4","P1, P2, P3, P4","Hole","stm32-rescue:CONN_01X01","my_footprints:Hole_3mm",""
"12","1","Q1","B0505S","elements:B0505S","my_footprints:B0x0xS",""
"13","1","R1","120","stm32-rescue:R","Resistor_SMD:R_1210_3225Metric_Pad1.42x2.65mm_HandSolder",""
"14","3","R3, R4, R6","22","stm32-rescue:R","Resistor_SMD:R_0603_1608Metric_Pad1.05x0.95mm_HandSolder",""
"15","1","R5","10k","stm32-rescue:R","Resistor_SMD:R_0603_1608Metric_Pad1.05x0.95mm_HandSolder",""
"16","2","R7, R8","330","stm32-rescue:R","Resistor_SMD:R_0603_1608Metric_Pad1.05x0.95mm_HandSolder",""
"17","1","SW1","SW_DIP_x01","Switch:SW_DIP_x01","Button_Switch_THT:SW_DIP_SPSTx01_Slide_6.7x4.1mm_W7.62mm_P2.54mm_LowProfile","~"
"18","1","U1","LM1117-3.3","Regulator_Linear:LM1117-3.3","TO_SOT_Packages_SMD:SOT-223-3_TabPin2","http://www.ti.com/lit/ds/symlink/lm1117.pdf"
"19","1","U3","STM32F072C8Tx","MCU_ST_STM32F0:STM32F072C8Tx","Package_QFP:LQFP-48_7x7mm_P0.5mm","http://www.st.com/st-web-ui/static/active/en/resource/technical/document/datasheet/DM00090510.pdf"
"20","1","U4","ISO1050DUB","Interface_CAN_LIN:ISO1050DUB","Package_SO:SOP-8_6.62x9.15mm_P2.54mm","http://www.ti.com/lit/ds/symlink/iso1050.pdf"
