"Source:","/tmp/1/kicad/stm32.sch"
"Date:","Ср 09 сен 2020 12:08:32"
"Tool:","Eeschema 5.1.4"
"Generator:","/usr/local/share/kicad/plugins/bom_csv_grouped_by_value.py"
"Component Count:","87"

"Individual Components:"

"Item","Qty","Reference(s)","Value","LibPart","Footprint","Datasheet"
"","","C1","0.1","stm32-rescue:C-Chiller_control-rescue","Capacitor_SMD:C_0603_1608Metric_Pad1.05x0.95mm_HandSolder",""
"","","C2","0.1","stm32-rescue:C-Chiller_control-rescue","Capacitor_SMD:C_0603_1608Metric_Pad1.05x0.95mm_HandSolder",""
"","","C3","0.1","Device:C","Capacitor_SMD:C_0603_1608Metric_Pad1.05x0.95mm_HandSolder",""
"","","C4","0.1","stm32-rescue:C-Chiller_control-rescue","Capacitor_SMD:C_0603_1608Metric_Pad1.05x0.95mm_HandSolder",""
"","","C5","0.1","stm32-rescue:C-Chiller_control-rescue","Capacitor_SMD:C_0603_1608Metric_Pad1.05x0.95mm_HandSolder",""
"","","C6","0.1","Device:C","Capacitor_SMD:C_0603_1608Metric_Pad1.05x0.95mm_HandSolder",""
"","","C7","47uF, 10V","Device:CP","Capacitor_Tantalum_SMD:CP_EIA-6032-28_Kemet-C_Pad2.25x2.35mm_HandSolder","~"
"","","C8","0.1","Device:C","Capacitor_SMD:C_0603_1608Metric_Pad1.05x0.95mm_HandSolder",""
"","","C9","10uF, 10V","Device:C","Capacitor_SMD:C_1206_3216Metric_Pad1.42x1.75mm_HandSolder","~"
"","","C13","0.1","Device:C","Capacitor_SMD:C_0603_1608Metric_Pad1.05x0.95mm_HandSolder",""
"","","C14","0.1","Device:C","Capacitor_SMD:C_0603_1608Metric_Pad1.05x0.95mm_HandSolder",""
"","","C15","0.1","Device:C","Capacitor_SMD:C_0603_1608Metric_Pad1.05x0.95mm_HandSolder",""
"","","C16","0.1","Device:C","Capacitor_SMD:C_0603_1608Metric_Pad1.05x0.95mm_HandSolder",""
"","","C17","0.1","Device:C","Capacitor_SMD:C_0603_1608Metric_Pad1.05x0.95mm_HandSolder",""
"","","C18","0.1","Device:C","Capacitor_SMD:C_0603_1608Metric_Pad1.05x0.95mm_HandSolder",""
"","","C19","0.1","Device:C","Capacitor_SMD:C_0603_1608Metric_Pad1.05x0.95mm_HandSolder",""
"","","C20","0.1","Device:C","Capacitor_SMD:C_0603_1608Metric_Pad1.05x0.95mm_HandSolder",""
"","","D1","1N5819","Device:D_Schottky","Diode_SMD:D_SOD-323_HandSoldering",""
"","","D2","1N5819","Device:D_Schottky","Diode_SMD:D_SOD-323_HandSoldering",""
"","","D3","MM3Z7V5","Device:D_Zener","Diode_SMD:D_0805_2012Metric_Pad1.15x1.40mm_HandSolder","~"
"","","D4","1N5819","Device:D_Schottky","Diode_SMD:D_SOD-323_HandSoldering",""
"","","D5","1N5819","Device:D_Schottky","Diode_SMD:D_SOD-323_HandSoldering",""
"","","D6","1N5819","Device:D_Schottky","Diode_SMD:D_SOD-323_HandSoldering",""
"","","D7","MM3Z4V7","Device:D_Zener","Diode_SMD:D_0805_2012Metric_Pad1.15x1.40mm_HandSolder",""
"","","D8","MM3Z4V7","Device:D_Zener","Diode_SMD:D_0805_2012Metric_Pad1.15x1.40mm_HandSolder",""
"","","D9","1N5819","Device:D_Schottky","Diode_SMD:D_SOD-323_HandSoldering",""
"","","J1","12VIN","stm32-rescue:Conn_01x02-Chiller_control-rescue","TerminalBlock_Phoenix:TerminalBlock_Phoenix_MKDS-1,5-2_1x02_P5.00mm_Horizontal",""
"","","J2","thermal","Connector_Generic:Conn_02x04_Odd_Even","Connector_PinSocket_2.54mm:PinSocket_2x04_P2.54mm_Vertical","~"
"","","J3","Buzzer","Connector:Conn_01x02_Male","Connector_JST:JST_EH_B2B-EH-A_1x02_P2.50mm_Vertical","~"
"","","J4","cooler3","Connector:Conn_01x02_Male","Connector_JST:JST_EH_B2B-EH-A_1x02_P2.50mm_Vertical","~"
"","","J5","FAN","Connector:Conn_01x04_Male","Connector:FanPinHeader_1x04_P2.54mm_Vertical","~"
"","","J6","FAN","Connector:Conn_01x04_Male","Connector:FanPinHeader_1x04_P2.54mm_Vertical","~"
"","","J7","Conn_01x02_Female","Connector:Conn_01x02_Female","Connector_PinSocket_2.54mm:PinSocket_1x02_P2.54mm_Vertical","~"
"","","J8","MKDS","Connector:Conn_01x02_Female","TerminalBlock_Phoenix:TerminalBlock_Phoenix_MKDS-1,5-2_1x02_P5.00mm_Horizontal","~"
"","","J10","Conn_01x02_Female","Connector:Conn_01x02_Female","Connector_PinSocket_2.54mm:PinSocket_1x02_P2.54mm_Vertical","~"
"","","K1","SRD-12VDC","stm32-rescue:G5LE-1-socket-rescue","Relay_THT:Relay_SPDT_SANYOU_SRD_Series_Form_C",""
"","","L1","BMBA 0.1mH","stm32-rescue:L-Chiller_control-rescue","Inductor_SMD:L_0805_2012Metric_Pad1.15x1.40mm_HandSolder",""
"","","P1","USB_A","Connector:USB_B","Connector_USB:USB_B_OST_USB-B1HSxx_Horizontal",""
"","","P2","Hole","Connector_Generic:Conn_01x01","MountingHole:MountingHole_3.2mm_M3",""
"","","P3","Hole","Connector_Generic:Conn_01x01","MountingHole:MountingHole_3.2mm_M3",""
"","","P4","Hole","Connector_Generic:Conn_01x01","MountingHole:MountingHole_3.2mm_M3",""
"","","P5","Hole","Connector_Generic:Conn_01x01","MountingHole:MountingHole_3.2mm_M3",""
"","","Q1","AO3401","Device:Q_PMOS_GSD","Package_TO_SOT_SMD:SOT-23_Handsoldering",""
"","","Q2","IRLML2502","stm32-rescue:Q_NMOS_GSD-Chiller_control-rescue","Package_TO_SOT_SMD:SOT-23_Handsoldering",""
"","","Q3","IRLML2502","stm32-rescue:Q_NMOS_GSD-Chiller_control-rescue","Package_TO_SOT_SMD:SOT-23_Handsoldering",""
"","","Q4","IRLML2502","stm32-rescue:Q_NMOS_GSD-Chiller_control-rescue","Package_TO_SOT_SMD:SOT-23_Handsoldering",""
"","","Q5","IRLML2502","stm32-rescue:Q_NMOS_GSD-Chiller_control-rescue","Package_TO_SOT_SMD:SOT-23_Handsoldering",""
"","","Q6","IRLML2502","stm32-rescue:Q_NMOS_GSD-socket-rescue","Package_TO_SOT_SMD:SOT-23_Handsoldering",""
"","","R1","10k","Device:R","Resistor_SMD:R_0603_1608Metric_Pad1.05x0.95mm_HandSolder","~"
"","","R2","10k","stm32-rescue:R-Chiller_control-rescue","Resistor_SMD:R_0603_1608Metric_Pad1.05x0.95mm_HandSolder",""
"","","R3","4k7, 1%","stm32-rescue:R-Chiller_control-rescue","Resistor_SMD:R_0805_2012Metric_Pad1.15x1.40mm_HandSolder",""
"","","R4","10k","stm32-rescue:R-Chiller_control-rescue","Resistor_SMD:R_0603_1608Metric_Pad1.05x0.95mm_HandSolder",""
"","","R5","4k7, 1%","stm32-rescue:R-Chiller_control-rescue","Resistor_SMD:R_0805_2012Metric_Pad1.15x1.40mm_HandSolder",""
"","","R6","10k","stm32-rescue:R-Chiller_control-rescue","Resistor_SMD:R_0603_1608Metric_Pad1.05x0.95mm_HandSolder",""
"","","R7","4k7, 1%","stm32-rescue:R-Chiller_control-rescue","Resistor_SMD:R_0805_2012Metric_Pad1.15x1.40mm_HandSolder",""
"","","R8","10k","stm32-rescue:R-Chiller_control-rescue","Resistor_SMD:R_0603_1608Metric_Pad1.05x0.95mm_HandSolder",""
"","","R9","4k7, 1%","stm32-rescue:R-Chiller_control-rescue","Resistor_SMD:R_0805_2012Metric_Pad1.15x1.40mm_HandSolder",""
"","","R10","510","stm32-rescue:R-Chiller_control-rescue","Resistor_SMD:R_0603_1608Metric_Pad1.05x0.95mm_HandSolder",""
"","","R11","510","stm32-rescue:R-Chiller_control-rescue","Resistor_SMD:R_0603_1608Metric_Pad1.05x0.95mm_HandSolder",""
"","","R12","510","stm32-rescue:R-Chiller_control-rescue","Resistor_SMD:R_0603_1608Metric_Pad1.05x0.95mm_HandSolder",""
"","","R13","10k","stm32-rescue:R-Chiller_control-rescue","Resistor_SMD:R_0603_1608Metric_Pad1.05x0.95mm_HandSolder",""
"","","R14","10k","stm32-rescue:R-Chiller_control-rescue","Resistor_SMD:R_0603_1608Metric_Pad1.05x0.95mm_HandSolder",""
"","","R15","510","stm32-rescue:R-Chiller_control-rescue","Resistor_SMD:R_0603_1608Metric_Pad1.05x0.95mm_HandSolder",""
"","","R16","10k","stm32-rescue:R-Chiller_control-rescue","Resistor_SMD:R_0603_1608Metric_Pad1.05x0.95mm_HandSolder",""
"","","R17","10k","stm32-rescue:R-Chiller_control-rescue","Resistor_SMD:R_0603_1608Metric_Pad1.05x0.95mm_HandSolder",""
"","","R18","510","stm32-rescue:R-Chiller_control-rescue","Resistor_SMD:R_0603_1608Metric_Pad1.05x0.95mm_HandSolder",""
"","","R19","510","stm32-rescue:R-Chiller_control-rescue","Resistor_SMD:R_0603_1608Metric_Pad1.05x0.95mm_HandSolder",""
"","","R20","510","stm32-rescue:R-Chiller_control-rescue","Resistor_SMD:R_0603_1608Metric_Pad1.05x0.95mm_HandSolder",""
"","","R21","510","stm32-rescue:R-Chiller_control-rescue","Resistor_SMD:R_0603_1608Metric_Pad1.05x0.95mm_HandSolder",""
"","","R22","47k","Device:R","Resistor_SMD:R_0603_1608Metric_Pad1.05x0.95mm_HandSolder",""
"","","R23","22","Device:R","Resistor_SMD:R_0603_1608Metric_Pad1.05x0.95mm_HandSolder","~"
"","","R24","510","stm32-rescue:R-Chiller_control-rescue","Resistor_SMD:R_0603_1608Metric_Pad1.05x0.95mm_HandSolder",""
"","","R25","510","stm32-rescue:R-Chiller_control-rescue","Resistor_SMD:R_0603_1608Metric_Pad1.05x0.95mm_HandSolder",""
"","","R26","220k","Device:R","Resistor_SMD:R_0603_1608Metric_Pad1.05x0.95mm_HandSolder",""
"","","R27","56k","Device:R","Resistor_SMD:R_0603_1608Metric_Pad1.05x0.95mm_HandSolder",""
"","","R28","47k","Device:R","Resistor_SMD:R_0603_1608Metric_Pad1.05x0.95mm_HandSolder",""
"","","R29","47k","Device:R","Resistor_SMD:R_0603_1608Metric_Pad1.05x0.95mm_HandSolder",""
"","","R30","22","Device:R","Resistor_SMD:R_0603_1608Metric_Pad1.05x0.95mm_HandSolder",""
"","","R31","22","Device:R","Resistor_SMD:R_0603_1608Metric_Pad1.05x0.95mm_HandSolder",""
"","","R32","510","stm32-rescue:R-socket-rescue","Resistor_SMD:R_0603_1608Metric_Pad1.05x0.95mm_HandSolder",""
"","","R34","10k","stm32-rescue:R-socket-rescue","Resistor_SMD:R_0603_1608Metric_Pad1.05x0.95mm_HandSolder",""
"","","SW1","SW_Push","Switch:SW_Push","Connector_PinSocket_2.54mm:PinSocket_1x02_P2.54mm_Vertical","~"
"","","SW2","SW_Push","Switch:SW_Push","Connector_PinSocket_2.54mm:PinSocket_1x02_P2.54mm_Vertical","~"
"","","U1","LM1117-3.3","Regulator_Linear:LM1117-3.3","Package_TO_SOT_SMD:SOT-223-3_TabPin2",""
"","","U2","L7805","Regulator_Linear:L7805","Package_TO_SOT_THT:TO-220-3_Vertical","http://www.st.com/content/ccc/resource/technical/document/datasheet/41/4f/b3/b0/12/d4/47/88/CD00000444.pdf/files/CD00000444.pdf/jcr:content/translations/en.CD00000444.pdf"
"","","U3","STM32F072CBTx","MCU_ST_STM32F0:STM32F072CBTx","Package_QFP:LQFP-48_7x7mm_P0.5mm","http://www.st.com/st-web-ui/static/active/en/resource/technical/document/datasheet/DM00090510.pdf"
"","","U4","USBLC6-2SC6","Power_Protection:USBLC6-2SC6","Package_TO_SOT_SMD:SOT-23-6","http://www2.st.com/resource/en/datasheet/CD00050750.pdf"



"Collated Components:"

"Item","Qty","Reference(s)","Value","LibPart","Footprint","Datasheet"
"1","4","C1, C2, C4, C5","0.1","stm32-rescue:C-Chiller_control-rescue","Capacitor_SMD:C_0603_1608Metric_Pad1.05x0.95mm_HandSolder",""
"2","11","C3, C6, C8, C13, C14, C15, C16, C17, C18, C19, C20","0.1","Device:C","Capacitor_SMD:C_0603_1608Metric_Pad1.05x0.95mm_HandSolder",""
"3","1","C7","47uF, 10V","Device:CP","Capacitor_Tantalum_SMD:CP_EIA-6032-28_Kemet-C_Pad2.25x2.35mm_HandSolder","~"
"4","1","C9","10uF, 10V","Device:C","Capacitor_SMD:C_1206_3216Metric_Pad1.42x1.75mm_HandSolder","~"
"5","6","D1, D2, D4, D5, D6, D9","1N5819","Device:D_Schottky","Diode_SMD:D_SOD-323_HandSoldering",""
"6","1","D3","MM3Z7V5","Device:D_Zener","Diode_SMD:D_0805_2012Metric_Pad1.15x1.40mm_HandSolder","~"
"7","2","D7, D8","MM3Z4V7","Device:D_Zener","Diode_SMD:D_0805_2012Metric_Pad1.15x1.40mm_HandSolder",""
"8","1","J1","12VIN","stm32-rescue:Conn_01x02-Chiller_control-rescue","TerminalBlock_Phoenix:TerminalBlock_Phoenix_MKDS-1,5-2_1x02_P5.00mm_Horizontal",""
"9","1","J2","thermal","Connector_Generic:Conn_02x04_Odd_Even","Connector_PinSocket_2.54mm:PinSocket_2x04_P2.54mm_Vertical","~"
"10","1","J3","Buzzer","Connector:Conn_01x02_Male","Connector_JST:JST_EH_B2B-EH-A_1x02_P2.50mm_Vertical","~"
"11","1","J4","cooler3","Connector:Conn_01x02_Male","Connector_JST:JST_EH_B2B-EH-A_1x02_P2.50mm_Vertical","~"
"12","2","J5, J6","FAN","Connector:Conn_01x04_Male","Connector:FanPinHeader_1x04_P2.54mm_Vertical","~"
"13","2","J7, J10","Conn_01x02_Female","Connector:Conn_01x02_Female","Connector_PinSocket_2.54mm:PinSocket_1x02_P2.54mm_Vertical","~"
"14","1","J8","MKDS","Connector:Conn_01x02_Female","TerminalBlock_Phoenix:TerminalBlock_Phoenix_MKDS-1,5-2_1x02_P5.00mm_Horizontal","~"
"15","1","K1","SRD-12VDC","stm32-rescue:G5LE-1-socket-rescue","Relay_THT:Relay_SPDT_SANYOU_SRD_Series_Form_C",""
"16","1","L1","BMBA 0.1mH","stm32-rescue:L-Chiller_control-rescue","Inductor_SMD:L_0805_2012Metric_Pad1.15x1.40mm_HandSolder",""
"17","1","P1","USB_A","Connector:USB_B","Connector_USB:USB_B_OST_USB-B1HSxx_Horizontal",""
"18","4","P2, P3, P4, P5","Hole","Connector_Generic:Conn_01x01","MountingHole:MountingHole_3.2mm_M3",""
"19","1","Q1","AO3401","Device:Q_PMOS_GSD","Package_TO_SOT_SMD:SOT-23_Handsoldering",""
"20","4","Q2, Q3, Q4, Q5","IRLML2502","stm32-rescue:Q_NMOS_GSD-Chiller_control-rescue","Package_TO_SOT_SMD:SOT-23_Handsoldering",""
"21","1","Q6","IRLML2502","stm32-rescue:Q_NMOS_GSD-socket-rescue","Package_TO_SOT_SMD:SOT-23_Handsoldering",""
"22","1","R1","10k","Device:R","Resistor_SMD:R_0603_1608Metric_Pad1.05x0.95mm_HandSolder","~"
"23","8","R2, R4, R6, R8, R13, R14, R16, R17","10k","stm32-rescue:R-Chiller_control-rescue","Resistor_SMD:R_0603_1608Metric_Pad1.05x0.95mm_HandSolder",""
"24","4","R3, R5, R7, R9","4k7, 1%","stm32-rescue:R-Chiller_control-rescue","Resistor_SMD:R_0805_2012Metric_Pad1.15x1.40mm_HandSolder",""
"25","10","R10, R11, R12, R15, R18, R19, R20, R21, R24, R25","510","stm32-rescue:R-Chiller_control-rescue","Resistor_SMD:R_0603_1608Metric_Pad1.05x0.95mm_HandSolder",""
"26","3","R22, R28, R29","47k","Device:R","Resistor_SMD:R_0603_1608Metric_Pad1.05x0.95mm_HandSolder",""
"27","3","R23, R30, R31","22","Device:R","Resistor_SMD:R_0603_1608Metric_Pad1.05x0.95mm_HandSolder","~"
"28","1","R26","220k","Device:R","Resistor_SMD:R_0603_1608Metric_Pad1.05x0.95mm_HandSolder",""
"29","1","R27","56k","Device:R","Resistor_SMD:R_0603_1608Metric_Pad1.05x0.95mm_HandSolder",""
"30","1","R32","510","stm32-rescue:R-socket-rescue","Resistor_SMD:R_0603_1608Metric_Pad1.05x0.95mm_HandSolder",""
"31","1","R34","10k","stm32-rescue:R-socket-rescue","Resistor_SMD:R_0603_1608Metric_Pad1.05x0.95mm_HandSolder",""
"32","2","SW1, SW2","SW_Push","Switch:SW_Push","Connector_PinSocket_2.54mm:PinSocket_1x02_P2.54mm_Vertical","~"
"33","1","U1","LM1117-3.3","Regulator_Linear:LM1117-3.3","Package_TO_SOT_SMD:SOT-223-3_TabPin2",""
"34","1","U2","L7805","Regulator_Linear:L7805","Package_TO_SOT_THT:TO-220-3_Vertical","http://www.st.com/content/ccc/resource/technical/document/datasheet/41/4f/b3/b0/12/d4/47/88/CD00000444.pdf/files/CD00000444.pdf/jcr:content/translations/en.CD00000444.pdf"
"35","1","U3","STM32F072CBTx","MCU_ST_STM32F0:STM32F072CBTx","Package_QFP:LQFP-48_7x7mm_P0.5mm","http://www.st.com/st-web-ui/static/active/en/resource/technical/document/datasheet/DM00090510.pdf"
"36","1","U4","USBLC6-2SC6","Power_Protection:USBLC6-2SC6","Package_TO_SOT_SMD:SOT-23-6","http://www2.st.com/resource/en/datasheet/CD00050750.pdf"
