"Source:","/home/eddy/Docs/SAO/ELECTRONICS/STM32/F0-srcs/CANUSB+relays/kicad/stm32.sch"
"Date:","Û“ 16 …¿Œ 2021 11:40:04"
"Tool:","Eeschema 5.1.7"
"Generator:","/usr/local/share/kicad/plugins/bom_csv_grouped_by_value.py"
"Component Count:","93"

"Individual Components:"

"Item","Qty","Reference(s)","Value","LibPart","Footprint","Datasheet","Manufacturer"
"","","C1","1","stm32-rescue:C","Capacitor_SMD:C_0805_2012Metric_Pad1.15x1.40mm_HandSolder","",""
"","","C2","0.1","stm32-rescue:C","Capacitor_SMD:C_0603_1608Metric_Pad1.05x0.95mm_HandSolder","",""
"","","C3","0.1","stm32-rescue:C","Capacitor_SMD:C_0603_1608Metric_Pad1.05x0.95mm_HandSolder","",""
"","","C4","0.1","stm32-rescue:C","Capacitor_SMD:C_0603_1608Metric_Pad1.05x0.95mm_HandSolder","",""
"","","C5","1","stm32-rescue:C","Capacitor_SMD:C_0805_2012Metric_Pad1.15x1.40mm_HandSolder","",""
"","","C6","0.1","stm32-rescue:C","Capacitor_SMD:C_0603_1608Metric_Pad1.05x0.95mm_HandSolder","",""
"","","C7","0.1","Device:C","Capacitor_SMD:C_0603_1608Metric_Pad1.05x0.95mm_HandSolder","~",""
"","","C8","0.1","Device:C","Capacitor_SMD:C_0603_1608Metric_Pad1.05x0.95mm_HandSolder","~",""
"","","C9","0.1","Device:C","Capacitor_SMD:C_0603_1608Metric_Pad1.05x0.95mm_HandSolder","~",""
"","","C10","47u 16V","Device:CP","Capacitor_Tantalum_SMD:CP_EIA-6032-28_Kemet-C_Pad2.25x2.35mm_HandSolder","~",""
"","","C11","0.1","stm32-rescue:C","Capacitor_SMD:C_0603_1608Metric_Pad1.05x0.95mm_HandSolder","",""
"","","C12","47u 10V","stm32-rescue:CP","Capacitor_Tantalum_SMD:CP_EIA-1608-08_AVX-J_Pad1.25x1.05mm_HandSolder","",""
"","","C13","47u 10V","Device:CP","Capacitor_Tantalum_SMD:CP_EIA-1608-08_AVX-J_Pad1.25x1.05mm_HandSolder","~",""
"","","C14","0.1","Device:C","Capacitor_SMD:C_0603_1608Metric_Pad1.05x0.95mm_HandSolder","~",""
"","","C15","0.1","stm32-rescue:C","Capacitor_SMD:C_0603_1608Metric_Pad1.05x0.95mm_HandSolder","",""
"","","D1","PESD1CAN","elements:PESD1CAN","TO_SOT_Packages_SMD:SOT-23","",""
"","","D2","SS14","Device:D_Schottky","Diode_SMD:D_SMA-SMB_Universal_Handsoldering","~",""
"","","D3","USB6B1","elements:USB6B1","Package_SO:SOIC-8_3.9x4.9mm_P1.27mm","",""
"","","D4","SS14","Device:D_Schottky","Diode_SMD:D_SMA-SMB_Universal_Handsoldering","~",""
"","","D5","MM3Z7V5","Device:D_Zener","Diode_SMD:D_0805_2012Metric_Pad1.15x1.40mm_HandSolder","~",""
"","","D6","CESD3v3","Device:D","Diode_SMD:D_SOD-523","~",""
"","","D7","CESD3v3","Device:D","Diode_SMD:D_SOD-523","~",""
"","","D8","SS14","Device:D_Schottky","Diode_SMD:D_SMA-SMB_Universal_Handsoldering","~",""
"","","D9","SS14","Device:D_Schottky","Diode_SMD:D_SMA-SMB_Universal_Handsoldering","~",""
"","","D10","SS14","Device:D_Schottky","Diode_SMD:D_SMA-SMB_Universal_Handsoldering","~",""
"","","D11","1N5822","Device:D","Diode_THT:D_DO-201_P12.70mm_Horizontal","~",""
"","","J1","Conn_01x01_Female","Connector:Conn_01x01_Female","Connector_PinHeader_2.54mm:PinHeader_1x01_P2.54mm_Vertical","~",""
"","","J2","Conn_01x01_Female","Connector:Conn_01x01_Female","Connector_PinHeader_2.54mm:PinHeader_1x01_P2.54mm_Vertical","~",""
"","","J3","Conn_01x01_Female","Connector:Conn_01x01_Female","Connector_PinHeader_2.54mm:PinHeader_1x01_P2.54mm_Vertical","~",""
"","","J4","Conn_01x01_Female","Connector:Conn_01x01_Female","Connector_PinHeader_2.54mm:PinHeader_1x01_P2.54mm_Vertical","~",""
"","","J5","Conn_01x01_Female","Connector:Conn_01x01_Female","Connector_PinHeader_2.54mm:PinHeader_1x01_P2.54mm_Vertical","~",""
"","","J6","Conn_01x01_Female","Connector:Conn_01x01_Female","Connector_PinHeader_2.54mm:PinHeader_1x01_P2.54mm_Vertical","~",""
"","","J7","01x05","Connector:Conn_01x05_Male","Connector_PinHeader_2.54mm:PinHeader_1x05_P2.54mm_Vertical","~",""
"","","J8","Connector_Generic:Conn_02x04_Odd_Even","Connector_Generic:Conn_02x04_Odd_Even","Connector_PinHeader_2.54mm:PinHeader_2x04_P2.54mm_Vertical","~",""
"","","J9","Conn_01x02_Female","Connector:Conn_01x02_Female","Connector_PinSocket_2.54mm:PinSocket_1x02_P2.54mm_Vertical","~",""
"","","J10","Screw_Terminal_01x02","Connector:Screw_Terminal_01x02","TerminalBlock_Phoenix:TerminalBlock_Phoenix_MKDS-3-2-5.08_1x02_P5.08mm_Horizontal","~",""
"","","J11","Screw_Terminal_01x03","Connector:Screw_Terminal_01x03","TerminalBlock_Phoenix:TerminalBlock_Phoenix_MKDS-1,5-3_1x03_P5.00mm_Horizontal","~",""
"","","J12","Screw_Terminal_01x03","Connector:Screw_Terminal_01x03","TerminalBlock_Phoenix:TerminalBlock_Phoenix_MKDS-1,5-3_1x03_P5.00mm_Horizontal","~",""
"","","J13","USB_B","Connector:USB_B","Connectors_USB:USB_B_OST_USB-B1HSxx_Horizontal"," ~",""
"","","J14","DB9_Female","Connector:DB9_Female","Connector_Dsub:DSUB-9_Female_Horizontal_P2.77x2.84mm_EdgePinOffset7.70mm_Housed_MountingHolesOffset9.12mm"," ~",""
"","","J15","01x03","Connector:Conn_01x03_Male","Connector_PinSocket_2.54mm:PinSocket_1x03_P2.54mm_Vertical","~",""
"","","J16","Conn_01x02_Female","Connector:Conn_01x02_Female","Connector_PinSocket_2.54mm:PinSocket_1x02_P2.54mm_Vertical","~",""
"","","J17","Screw_Terminal_01x03","Connector:Screw_Terminal_01x03","TerminalBlock_Phoenix:TerminalBlock_Phoenix_MKDS-1,5-3_1x03_P5.00mm_Horizontal","~",""
"","","J18","01x05","Connector:Conn_01x05_Male","Connector_PinSocket_2.54mm:PinSocket_1x05_P2.54mm_Vertical","~",""
"","","JP1","NON-ISOL","Device:Jumper","Resistor_THT:R_Axial_DIN0207_L6.3mm_D2.5mm_P5.08mm_Vertical","~",""
"","","K1","G5LE-1","Relay:G5LE-1","Relay_THT:Relay_SPDT_Omron-G5LE-1","http://www.omron.com/ecb/products/pdf/en-g5le.pdf",""
"","","K2","G5LE-1","Relay:G5LE-1","Relay_THT:Relay_SPDT_Omron-G5LE-1","http://www.omron.com/ecb/products/pdf/en-g5le.pdf",""
"","","L1","100u","Device:L","Inductor_SMD:L_12x12mm_H4.5mm","~",""
"","","P1","Hole","stm32-rescue:CONN_01X01","my_footprints:Hole_3mm","",""
"","","P2","Hole","stm32-rescue:CONN_01X01","my_footprints:Hole_3mm","",""
"","","P3","Hole","stm32-rescue:CONN_01X01","my_footprints:Hole_3mm","",""
"","","P4","Hole","stm32-rescue:CONN_01X01","my_footprints:Hole_3mm","",""
"","","Q1","B0505S","elements:B0505S","my_footprints:B0x0xS","",""
"","","Q2","SI2300","Device:Q_NMOS_GSD","TO_SOT_Packages_SMD:SOT-23_Handsoldering","~",""
"","","Q3","SI2300","Device:Q_NMOS_GSD","TO_SOT_Packages_SMD:SOT-23_Handsoldering","~",""
"","","Q4","AO3407","Device:Q_PMOS_GSD","TO_SOT_Packages_SMD:SOT-23_Handsoldering","~",""
"","","Q5","SI2300","Device:Q_NMOS_GSD","TO_SOT_Packages_SMD:SOT-23_Handsoldering","~",""
"","","Q6","SI2300","Device:Q_NMOS_GSD","TO_SOT_Packages_SMD:SOT-23_Handsoldering","~",""
"","","Q7","SI2300","Device:Q_NMOS_GSD","TO_SOT_Packages_SMD:SOT-23_Handsoldering","~",""
"","","R1","10k","Device:R","Resistor_SMD:R_0603_1608Metric_Pad1.05x0.95mm_HandSolder","~",""
"","","R2","4k7","stm32-rescue:R","Resistor_SMD:R_0603_1608Metric_Pad1.05x0.95mm_HandSolder","",""
"","","R3","22","Device:R","Resistor_SMD:R_0603_1608Metric_Pad1.05x0.95mm_HandSolder","~",""
"","","R4","680","Device:R","Resistor_SMD:R_0603_1608Metric_Pad1.05x0.95mm_HandSolder","~",""
"","","R5","680","Device:R","Resistor_SMD:R_0603_1608Metric_Pad1.05x0.95mm_HandSolder","~",""
"","","R6","680","Device:R","Resistor_SMD:R_0603_1608Metric_Pad1.05x0.95mm_HandSolder","~",""
"","","R7","680","Device:R","Resistor_SMD:R_0603_1608Metric_Pad1.05x0.95mm_HandSolder","~",""
"","","R8","10k","Device:R","Resistor_SMD:R_0603_1608Metric_Pad1.05x0.95mm_HandSolder","~",""
"","","R9","330","Device:R","Resistor_SMD:R_0603_1608Metric_Pad1.05x0.95mm_HandSolder","~",""
"","","R10","22","stm32-rescue:R","Resistor_SMD:R_0603_1608Metric_Pad1.05x0.95mm_HandSolder","",""
"","","R11","22","stm32-rescue:R","Resistor_SMD:R_0603_1608Metric_Pad1.05x0.95mm_HandSolder","",""
"","","R12","2k2","Device:R","Resistor_SMD:R_0603_1608Metric_Pad1.05x0.95mm_HandSolder","~",""
"","","R13","120","stm32-rescue:R","Resistor_SMD:R_1210_3225Metric_Pad1.42x2.65mm_HandSolder","",""
"","","R14","10k","Device:R","Resistor_SMD:R_0603_1608Metric_Pad1.05x0.95mm_HandSolder","~",""
"","","R15","330","Device:R","Resistor_SMD:R_0603_1608Metric_Pad1.05x0.95mm_HandSolder","~",""
"","","R16","2k2","Device:R","Resistor_SMD:R_0603_1608Metric_Pad1.05x0.95mm_HandSolder","~",""
"","","R17","10k","Device:R","Resistor_SMD:R_0603_1608Metric_Pad1.05x0.95mm_HandSolder","~",""
"","","R18","47k","Device:R","Resistor_SMD:R_0603_1608Metric_Pad1.05x0.95mm_HandSolder","~",""
"","","R19","15k","Device:R","Resistor_SMD:R_0603_1608Metric_Pad1.05x0.95mm_HandSolder","~",""
"","","R20","15k","Device:R","Resistor_SMD:R_0603_1608Metric_Pad1.05x0.95mm_HandSolder","~",""
"","","R21","10k","Device:R","Resistor_SMD:R_0603_1608Metric_Pad1.05x0.95mm_HandSolder","~",""
"","","R22","330","Device:R","Resistor_SMD:R_0603_1608Metric_Pad1.05x0.95mm_HandSolder","~",""
"","","R23","330","Device:R","Resistor_SMD:R_0603_1608Metric_Pad1.05x0.95mm_HandSolder","~",""
"","","R24","330","Device:R","Resistor_SMD:R_0603_1608Metric_Pad1.05x0.95mm_HandSolder","~",""
"","","R25","10k","Device:R","Resistor_SMD:R_0603_1608Metric_Pad1.05x0.95mm_HandSolder","~",""
"","","R26","10k","Device:R","Resistor_SMD:R_0603_1608Metric_Pad1.05x0.95mm_HandSolder","~",""
"","","R27","10k","Device:R","Resistor_SMD:R_0603_1608Metric_Pad1.05x0.95mm_HandSolder","~",""
"","","SW1","SW_DIP_x08","Switch:SW_DIP_x08","Button_Switch_THT:SW_DIP_SPSTx08_Slide_9.78x22.5mm_W7.62mm_P2.54mm","~",""
"","","SW2","SW_DIP_x01","Switch:SW_DIP_x01","Button_Switch_THT:SW_DIP_SPSTx01_Slide_6.7x4.1mm_W7.62mm_P2.54mm_LowProfile","~",""
"","","U1","MCP2551-I/SN","stm32-rescue:MCP2551-I_SN","Package_SO:SOIC-8_3.9x4.9mm_P1.27mm","",""
"","","U2","ISO1050DUB","Interface_CAN_LIN:ISO1050DUB","Package_SO:SOP-8_6.62x9.15mm_P2.54mm","http://www.ti.com/lit/ds/symlink/iso1050.pdf",""
"","","U3","STM32F072C8Tx","MCU_ST_STM32F0:STM32F072C8Tx","Package_QFP:LQFP-48_7x7mm_P0.5mm","http://www.st.com/st-web-ui/static/active/en/resource/technical/document/datasheet/DM00090510.pdf",""
"","","U4","LM2576","vreg:LM2576","TO_SOT_Packages_THT:TO-220-5_P3.4x3.7mm_StaggerEven_Lead3.8mm_Vertical","","Texas Instruments"
"","","U5","LM1117-3.3","Regulator_Linear:LM1117-3.3","TO_SOT_Packages_SMD:SOT-223-3_TabPin2","http://www.ti.com/lit/ds/symlink/lm1117.pdf",""



"Collated Components:"

"Item","Qty","Reference(s)","Value","LibPart","Footprint","Datasheet","Manufacturer"
"1","2","C1, C5","1","stm32-rescue:C","Capacitor_SMD:C_0805_2012Metric_Pad1.15x1.40mm_HandSolder","",""
"2","10","C2, C3, C4, C6, C7, C8, C9, C11, C14, C15","0.1","stm32-rescue:C","Capacitor_SMD:C_0603_1608Metric_Pad1.05x0.95mm_HandSolder","~",""
"3","1","C10","47u 16V","Device:CP","Capacitor_Tantalum_SMD:CP_EIA-6032-28_Kemet-C_Pad2.25x2.35mm_HandSolder","~",""
"4","2","C12, C13","47u 10V","Device:CP","Capacitor_Tantalum_SMD:CP_EIA-1608-08_AVX-J_Pad1.25x1.05mm_HandSolder","~",""
"5","1","D1","PESD1CAN","elements:PESD1CAN","TO_SOT_Packages_SMD:SOT-23","",""
"6","5","D2, D4, D8, D9, D10","SS14","Device:D_Schottky","Diode_SMD:D_SMA-SMB_Universal_Handsoldering","~",""
"7","1","D3","USB6B1","elements:USB6B1","Package_SO:SOIC-8_3.9x4.9mm_P1.27mm","",""
"8","1","D5","MM3Z7V5","Device:D_Zener","Diode_SMD:D_0805_2012Metric_Pad1.15x1.40mm_HandSolder","~",""
"9","2","D6, D7","CESD3v3","Device:D","Diode_SMD:D_SOD-523","~",""
"10","1","D11","1N5822","Device:D","Diode_THT:D_DO-201_P12.70mm_Horizontal","~",""
"11","6","J1, J2, J3, J4, J5, J6","Conn_01x01_Female","Connector:Conn_01x01_Female","Connector_PinHeader_2.54mm:PinHeader_1x01_P2.54mm_Vertical","~",""
"12","1","J7","01x05","Connector:Conn_01x05_Male","Connector_PinHeader_2.54mm:PinHeader_1x05_P2.54mm_Vertical","~",""
"13","1","J8","Connector_Generic:Conn_02x04_Odd_Even","Connector_Generic:Conn_02x04_Odd_Even","Connector_PinHeader_2.54mm:PinHeader_2x04_P2.54mm_Vertical","~",""
"14","2","J9, J16","Conn_01x02_Female","Connector:Conn_01x02_Female","Connector_PinSocket_2.54mm:PinSocket_1x02_P2.54mm_Vertical","~",""
"15","1","J10","Screw_Terminal_01x02","Connector:Screw_Terminal_01x02","TerminalBlock_Phoenix:TerminalBlock_Phoenix_MKDS-3-2-5.08_1x02_P5.08mm_Horizontal","~",""
"16","3","J11, J12, J17","Screw_Terminal_01x03","Connector:Screw_Terminal_01x03","TerminalBlock_Phoenix:TerminalBlock_Phoenix_MKDS-1,5-3_1x03_P5.00mm_Horizontal","~",""
"17","1","J13","USB_B","Connector:USB_B","Connectors_USB:USB_B_OST_USB-B1HSxx_Horizontal"," ~",""
"18","1","J14","DB9_Female","Connector:DB9_Female","Connector_Dsub:DSUB-9_Female_Horizontal_P2.77x2.84mm_EdgePinOffset7.70mm_Housed_MountingHolesOffset9.12mm"," ~",""
"19","1","J15","01x03","Connector:Conn_01x03_Male","Connector_PinSocket_2.54mm:PinSocket_1x03_P2.54mm_Vertical","~",""
"20","1","J18","01x05","Connector:Conn_01x05_Male","Connector_PinSocket_2.54mm:PinSocket_1x05_P2.54mm_Vertical","~",""
"21","1","JP1","NON-ISOL","Device:Jumper","Resistor_THT:R_Axial_DIN0207_L6.3mm_D2.5mm_P5.08mm_Vertical","~",""
"22","2","K1, K2","G5LE-1","Relay:G5LE-1","Relay_THT:Relay_SPDT_Omron-G5LE-1","http://www.omron.com/ecb/products/pdf/en-g5le.pdf",""
"23","1","L1","100u","Device:L","Inductor_SMD:L_12x12mm_H4.5mm","~",""
"24","4","P1, P2, P3, P4","Hole","stm32-rescue:CONN_01X01","my_footprints:Hole_3mm","",""
"25","1","Q1","B0505S","elements:B0505S","my_footprints:B0x0xS","",""
"26","5","Q2, Q3, Q5, Q6, Q7","SI2300","Device:Q_NMOS_GSD","TO_SOT_Packages_SMD:SOT-23_Handsoldering","~",""
"27","1","Q4","AO3407","Device:Q_PMOS_GSD","TO_SOT_Packages_SMD:SOT-23_Handsoldering","~",""
"28","8","R1, R8, R14, R17, R21, R25, R26, R27","10k","Device:R","Resistor_SMD:R_0603_1608Metric_Pad1.05x0.95mm_HandSolder","~",""
"29","1","R2","4k7","stm32-rescue:R","Resistor_SMD:R_0603_1608Metric_Pad1.05x0.95mm_HandSolder","",""
"30","3","R3, R10, R11","22","stm32-rescue:R","Resistor_SMD:R_0603_1608Metric_Pad1.05x0.95mm_HandSolder","~",""
"31","4","R4, R5, R6, R7","680","Device:R","Resistor_SMD:R_0603_1608Metric_Pad1.05x0.95mm_HandSolder","~",""
"32","5","R9, R15, R22, R23, R24","330","Device:R","Resistor_SMD:R_0603_1608Metric_Pad1.05x0.95mm_HandSolder","~",""
"33","2","R12, R16","2k2","Device:R","Resistor_SMD:R_0603_1608Metric_Pad1.05x0.95mm_HandSolder","~",""
"34","1","R13","120","stm32-rescue:R","Resistor_SMD:R_1210_3225Metric_Pad1.42x2.65mm_HandSolder","",""
"35","1","R18","47k","Device:R","Resistor_SMD:R_0603_1608Metric_Pad1.05x0.95mm_HandSolder","~",""
"36","2","R19, R20","15k","Device:R","Resistor_SMD:R_0603_1608Metric_Pad1.05x0.95mm_HandSolder","~",""
"37","1","SW1","SW_DIP_x08","Switch:SW_DIP_x08","Button_Switch_THT:SW_DIP_SPSTx08_Slide_9.78x22.5mm_W7.62mm_P2.54mm","~",""
"38","1","SW2","SW_DIP_x01","Switch:SW_DIP_x01","Button_Switch_THT:SW_DIP_SPSTx01_Slide_6.7x4.1mm_W7.62mm_P2.54mm_LowProfile","~",""
"39","1","U1","MCP2551-I/SN","stm32-rescue:MCP2551-I_SN","Package_SO:SOIC-8_3.9x4.9mm_P1.27mm","",""
"40","1","U2","ISO1050DUB","Interface_CAN_LIN:ISO1050DUB","Package_SO:SOP-8_6.62x9.15mm_P2.54mm","http://www.ti.com/lit/ds/symlink/iso1050.pdf",""
"41","1","U3","STM32F072C8Tx","MCU_ST_STM32F0:STM32F072C8Tx","Package_QFP:LQFP-48_7x7mm_P0.5mm","http://www.st.com/st-web-ui/static/active/en/resource/technical/document/datasheet/DM00090510.pdf",""
"42","1","U4","LM2576","vreg:LM2576","TO_SOT_Packages_THT:TO-220-5_P3.4x3.7mm_StaggerEven_Lead3.8mm_Vertical","","Texas Instruments"
"43","1","U5","LM1117-3.3","Regulator_Linear:LM1117-3.3","TO_SOT_Packages_SMD:SOT-223-3_TabPin2","http://www.ti.com/lit/ds/symlink/lm1117.pdf",""
