"Source:","/home/eddy/Docs/SAO/ELECTRONICS/STM32/F0-srcs/CANbus4BTA/kicad/stm32.kicad_sch"
"Date:","Чт 21 июл 2022 18:01:18"
"Tool:","Eeschema 6.0.5"
"Generator:","/usr/local/share/kicad/plugins/bom_csv_grouped_by_value.py"
"Component Count:","103"

"Individual Components:"

"Item","Qty","Reference(s)","Value","LibPart","Footprint","Datasheet","Manufacturer"
"","","C1","1","stm32-rescue:C","Capacitor_SMD:C_0805_2012Metric_Pad1.15x1.40mm_HandSolder","",""
"","","C2","0.1","Device:C","Capacitor_SMD:C_0603_1608Metric_Pad1.05x0.95mm_HandSolder","~",""
"","","C3","0.1","Device:C","Capacitor_SMD:C_0603_1608Metric_Pad1.05x0.95mm_HandSolder","~",""
"","","C4","1","stm32-rescue:C","Capacitor_SMD:C_0805_2012Metric_Pad1.15x1.40mm_HandSolder","",""
"","","C5","0.1","stm32-rescue:C","Capacitor_SMD:C_0603_1608Metric_Pad1.05x0.95mm_HandSolder","",""
"","","C6","0.1","stm32-rescue:C","Capacitor_SMD:C_0603_1608Metric_Pad1.05x0.95mm_HandSolder","",""
"","","C7","0.1","stm32-rescue:C","Capacitor_SMD:C_0603_1608Metric_Pad1.05x0.95mm_HandSolder","",""
"","","C8","0.1","stm32-rescue:C","Capacitor_SMD:C_0603_1608Metric_Pad1.05x0.95mm_HandSolder","",""
"","","C9","0.1","Device:C","Capacitor_SMD:C_0603_1608Metric_Pad1.05x0.95mm_HandSolder","~",""
"","","C10","100u 16V","Device:C_Polarized","Capacitor_THT:CP_Radial_D8.0mm_P3.50mm","~",""
"","","C11","0.1","stm32-rescue:C","Capacitor_SMD:C_0603_1608Metric_Pad1.05x0.95mm_HandSolder","",""
"","","C12","47u 6V","stm32-rescue:CP","Capacitor_Tantalum_SMD:CP_EIA-3216-18_Kemet-A_Pad1.58x1.35mm_HandSolder","",""
"","","C13","47u 10V","Device:C_Polarized","Capacitor_Tantalum_SMD:CP_EIA-6032-28_Kemet-C_Pad2.25x2.35mm_HandSolder","~",""
"","","C14","100u 16V","Device:C_Polarized","Capacitor_THT:CP_Radial_D8.0mm_P3.50mm","~",""
"","","C15","0.1","stm32-rescue:C","Capacitor_SMD:C_0603_1608Metric_Pad1.05x0.95mm_HandSolder","",""
"","","C16","100u 35V","Device:C_Polarized","Capacitor_THT:CP_Radial_D8.0mm_P3.50mm","~",""
"","","D1","CESD3V3","Device:D","Diode_SMD:D_0805_2012Metric_Pad1.15x1.40mm_HandSolder","~",""
"","","D2","D","Device:D","Diode_SMD:D_0805_2012Metric_Pad1.15x1.40mm_HandSolder","~",""
"","","D3","CESD3V3","Device:D","Diode_SMD:D_0805_2012Metric_Pad1.15x1.40mm_HandSolder","~",""
"","","D4","CESD3V3","Device:D","Diode_SMD:D_0805_2012Metric_Pad1.15x1.40mm_HandSolder","~",""
"","","D5","D","Device:D","Diode_SMD:D_0805_2012Metric_Pad1.15x1.40mm_HandSolder","~",""
"","","D6","CESD3V3","Device:D","Diode_SMD:D_0805_2012Metric_Pad1.15x1.40mm_HandSolder","~",""
"","","D7","D","Device:D","Diode_SMD:D_0805_2012Metric_Pad1.15x1.40mm_HandSolder","~",""
"","","D8","PESD1CAN","elements:PESD1CAN","Package_TO_SOT_SMD:SOT-23","",""
"","","D9","USB6B1","elements:USB6B1","Package_SO:SOIC-8_3.9x4.9mm_P1.27mm","",""
"","","D10","SS14","Device:D_Schottky","Diode_SMD:D_SMA-SMB_Universal_Handsoldering","~",""
"","","D11","MM3Z7V5","Device:D_Zener","Diode_SMD:D_0805_2012Metric_Pad1.15x1.40mm_HandSolder","~",""
"","","D12","1N5822","Device:D","Diode_THT:D_DO-201_P3.81mm_Vertical_AnodeUp","~",""
"","","J1","01x03","Connector:Conn_01x03_Male","Connector_JST:JST_PH_B3B-PH-K_1x03_P2.00mm_Vertical","~",""
"","","J2","Conn_01x04_Female","Connector:Conn_01x04_Female","Connector_JST:JST_PH_B4B-PH-K_1x04_P2.00mm_Vertical","~",""
"","","J3","Conn_01x04_Female","Connector:Conn_01x04_Female","Connector_JST:JST_PH_B4B-PH-K_1x04_P2.00mm_Vertical","~",""
"","","J4","Conn_01x04_Female","Connector:Conn_01x04_Female","Connector_JST:JST_PH_B4B-PH-K_1x04_P2.00mm_Vertical","~",""
"","","J5","Conn_01x04_Female","Connector:Conn_01x04_Female","Connector_JST:JST_PH_B4B-PH-K_1x04_P2.00mm_Vertical","~",""
"","","J6","01x03","Connector:Conn_01x03_Male","Connector_JST:JST_PH_B3B-PH-K_1x03_P2.00mm_Vertical","~",""
"","","J7","Screw_Terminal_01x03","Connector:Screw_Terminal_01x03","TerminalBlock_Phoenix:TerminalBlock_Phoenix_MKDS-1,5-3_1x03_P5.00mm_Horizontal","~",""
"","","J8","01x05","Connector:Conn_01x05_Male","Connector_JST:JST_PH_B5B-PH-K_1x05_P2.00mm_Vertical","~",""
"","","J9","01x05","Connector:Conn_01x05_Male","Connector_JST:JST_PH_B5B-PH-K_1x05_P2.00mm_Vertical","~",""
"","","J10","Screw_Terminal_01x03","Connector:Screw_Terminal_01x03","TerminalBlock_Phoenix:TerminalBlock_Phoenix_MKDS-1,5-3_1x03_P5.00mm_Horizontal","~",""
"","","J11","USB_B","Connector:USB_B","Connector_USB:USB_B_OST_USB-B1HSxx_Horizontal"," ~",""
"","","J12","Screw_Terminal_01x02","Connector:Screw_Terminal_01x02","TerminalBlock_Phoenix:TerminalBlock_Phoenix_MKDS-1,5-2_1x02_P5.00mm_Horizontal","~",""
"","","J13","Screw_Terminal_01x02","Connector:Screw_Terminal_01x02","TerminalBlock_Phoenix:TerminalBlock_Phoenix_MKDS-1,5-2_1x02_P5.00mm_Horizontal","~",""
"","","J14","Conn_01x04_Female","Connector:Conn_01x04_Female","Connector_JST:JST_PH_B4B-PH-K_1x04_P2.00mm_Vertical","~",""
"","","J15","Conn_01x04_Female","Connector:Conn_01x04_Female","Connector_JST:JST_PH_B4B-PH-K_1x04_P2.00mm_Vertical","~",""
"","","J16","Conn_01x04_Female","Connector:Conn_01x04_Female","Connector_JST:JST_PH_B4B-PH-K_1x04_P2.00mm_Vertical","~",""
"","","J17","Conn_01x04_Female","Connector:Conn_01x04_Female","Connector_JST:JST_PH_B4B-PH-K_1x04_P2.00mm_Vertical","~",""
"","","J18","buzzer","Connector:Conn_01x02_Female","Connector_JST:JST_PH_B2B-PH-K_1x02_P2.00mm_Vertical","~",""
"","","JP1","SolderJumper_3_Open","Jumper:SolderJumper_3_Open","Jumper:SolderJumper-3_P1.3mm_Open_Pad1.0x1.5mm","~",""
"","","K1","G5LE-1","Relay:G5LE-1","Relay_THT:Relay_SPDT_Omron-G5LE-1","http://www.omron.com/ecb/products/pdf/en-g5le.pdf",""
"","","L1","100u","Device:L","Inductor_THT:L_Toroid_Horizontal_D6.5mm_P10.00mm_Diameter7-5mm_Amidon-T25","~",""
"","","P1","Hole","stm32-rescue:CONN_01X01","my_footprints:Hole_3mm","",""
"","","P2","Hole","stm32-rescue:CONN_01X01","my_footprints:Hole_3mm","",""
"","","P6","Hole","stm32-rescue:CONN_01X01","my_footprints:Hole_3mm","",""
"","","P7","Hole","stm32-rescue:CONN_01X01","my_footprints:Hole_3mm","",""
"","","Q1","B0505S","elements:B0505S","my_footprints:B0x0xS","",""
"","","Q2","SI2300","Device:Q_NMOS_GSD","Package_TO_SOT_SMD:SOT-23_Handsoldering","~",""
"","","Q3","SI2300","Device:Q_NMOS_GSD","Package_TO_SOT_SMD:SOT-23_Handsoldering","~",""
"","","Q4","SI2300","Device:Q_NMOS_GSD","Package_TO_SOT_SMD:SOT-23_Handsoldering","~",""
"","","Q5","IRF9310","elements:IRF9310","Package_SO:SO-8_3.9x4.9mm_P1.27mm","~",""
"","","R1","10k","Device:R","Resistor_SMD:R_0603_1608Metric_Pad1.05x0.95mm_HandSolder","~",""
"","","R2","10k","Device:R","Resistor_SMD:R_0603_1608Metric_Pad1.05x0.95mm_HandSolder","~",""
"","","R3","4k7","Device:R","Resistor_SMD:R_0603_1608Metric_Pad1.05x0.95mm_HandSolder","~",""
"","","R4","22","stm32-rescue:R","Resistor_SMD:R_0603_1608Metric_Pad1.05x0.95mm_HandSolder","",""
"","","R5","100","Device:R","Resistor_SMD:R_0603_1608Metric_Pad1.05x0.95mm_HandSolder","~",""
"","","R6","100","Device:R","Resistor_SMD:R_0603_1608Metric_Pad1.05x0.95mm_HandSolder","~",""
"","","R7","22","stm32-rescue:R","Resistor_SMD:R_0603_1608Metric_Pad1.05x0.95mm_HandSolder","",""
"","","R8","100","Device:R","Resistor_SMD:R_0603_1608Metric_Pad1.05x0.95mm_HandSolder","~",""
"","","R9","100","Device:R","Resistor_SMD:R_0603_1608Metric_Pad1.05x0.95mm_HandSolder","~",""
"","","R10","22","stm32-rescue:R","Resistor_SMD:R_0603_1608Metric_Pad1.05x0.95mm_HandSolder","",""
"","","R11","100","Device:R","Resistor_SMD:R_0603_1608Metric_Pad1.05x0.95mm_HandSolder","~",""
"","","R12","100","Device:R","Resistor_SMD:R_0603_1608Metric_Pad1.05x0.95mm_HandSolder","~",""
"","","R13","4k7","Device:R","Resistor_SMD:R_0603_1608Metric_Pad1.05x0.95mm_HandSolder","~",""
"","","R14","100","Device:R","Resistor_SMD:R_0603_1608Metric_Pad1.05x0.95mm_HandSolder","~",""
"","","R15","100","Device:R","Resistor_SMD:R_0603_1608Metric_Pad1.05x0.95mm_HandSolder","~",""
"","","R16","330","Device:R","Resistor_SMD:R_0603_1608Metric_Pad1.05x0.95mm_HandSolder","~",""
"","","R17","10k","Device:R","Resistor_SMD:R_0603_1608Metric_Pad1.05x0.95mm_HandSolder","~",""
"","","R18","10k","Device:R","Resistor_SMD:R_0603_1608Metric_Pad1.05x0.95mm_HandSolder","~",""
"","","R19","120","stm32-rescue:R","Resistor_SMD:R_1210_3225Metric_Pad1.42x2.65mm_HandSolder","",""
"","","R20","10k","Device:R","Resistor_SMD:R_0603_1608Metric_Pad1.05x0.95mm_HandSolder","~",""
"","","R21","330","Device:R","Resistor_SMD:R_0603_1608Metric_Pad1.05x0.95mm_HandSolder","~",""
"","","R22","47","Device:R","Resistor_SMD:R_0603_1608Metric_Pad1.05x0.95mm_HandSolder","~",""
"","","R23","100","Device:R","Resistor_SMD:R_0603_1608Metric_Pad1.05x0.95mm_HandSolder","~",""
"","","R24","100","Device:R","Resistor_SMD:R_0603_1608Metric_Pad1.05x0.95mm_HandSolder","~",""
"","","R25","100","Device:R","Resistor_SMD:R_0603_1608Metric_Pad1.05x0.95mm_HandSolder","~",""
"","","R26","100","Device:R","Resistor_SMD:R_0603_1608Metric_Pad1.05x0.95mm_HandSolder","~",""
"","","R27","100","Device:R","Resistor_SMD:R_0603_1608Metric_Pad1.05x0.95mm_HandSolder","~",""
"","","R28","100","Device:R","Resistor_SMD:R_0603_1608Metric_Pad1.05x0.95mm_HandSolder","~",""
"","","R29","100","Device:R","Resistor_SMD:R_0603_1608Metric_Pad1.05x0.95mm_HandSolder","~",""
"","","R30","22","stm32-rescue:R","Resistor_SMD:R_0603_1608Metric_Pad1.05x0.95mm_HandSolder","",""
"","","R31","22","stm32-rescue:R","Resistor_SMD:R_0603_1608Metric_Pad1.05x0.95mm_HandSolder","",""
"","","R32","330","Device:R","Resistor_SMD:R_0603_1608Metric_Pad1.05x0.95mm_HandSolder","~",""
"","","R33","10k","Device:R","Resistor_SMD:R_0603_1608Metric_Pad1.05x0.95mm_HandSolder","~",""
"","","R34","4k7","Device:R","Resistor_SMD:R_0603_1608Metric_Pad1.05x0.95mm_HandSolder","~",""
"","","SW1","SW_DIP_x01","Switch:SW_DIP_x01","Button_Switch_THT:SW_DIP_SPSTx01_Slide_6.7x4.1mm_W7.62mm_P2.54mm_LowProfile","~",""
"","","TP1","5V","Connector:TestPoint","Connector_PinSocket_2.54mm:PinSocket_1x01_P2.54mm_Vertical","~",""
"","","TP2","3.3V","Connector:TestPoint","Connector_PinSocket_2.54mm:PinSocket_1x01_P2.54mm_Vertical","~",""
"","","TP3","NRST","Connector:TestPoint","Connector_PinSocket_2.54mm:PinSocket_1x01_P2.54mm_Vertical","~",""
"","","TP4","Gnd","Connector:TestPoint","Connector_PinSocket_2.54mm:PinSocket_1x01_P2.54mm_Vertical","~",""
"","","U1","ISO1050DUB","Interface_CAN_LIN:ISO1050DUB","Package_SO:SOP-8_6.62x9.15mm_P2.54mm","http://www.ti.com/lit/ds/symlink/iso1050.pdf",""
"","","U2","STM32F072C8Tx","MCU_ST_STM32F0:STM32F072C8Tx","Package_QFP:LQFP-48_7x7mm_P0.5mm","http://www.st.com/st-web-ui/static/active/en/resource/technical/document/datasheet/DM00090510.pdf",""
"","","U3","LM2576-5.0","vreg:LM2576","Package_TO_SOT_THT:TO-220-5_P3.4x3.7mm_StaggerEven_Lead3.8mm_Vertical","","Texas Instruments"
"","","U4","CD4050","elements:CD4050","Package_SO:SOIC-16_3.9x9.9mm_P1.27mm","",""
"","","U5","CD4050","elements:CD4050","Package_SO:SOIC-16_3.9x9.9mm_P1.27mm","",""
"","","U6","LM1117-3.3","Regulator_Linear:LM1117-3.3","Package_TO_SOT_SMD:SOT-223-3_TabPin2","http://www.ti.com/lit/ds/symlink/lm1117.pdf",""



"Collated Components:"

"Item","Qty","Reference(s)","Value","LibPart","Footprint","Datasheet","Manufacturer"
"1","2","C1, C4","1","stm32-rescue:C","Capacitor_SMD:C_0805_2012Metric_Pad1.15x1.40mm_HandSolder","",""
"2","9","C2, C3, C5, C6, C7, C8, C9, C11, C15","0.1","stm32-rescue:C","Capacitor_SMD:C_0603_1608Metric_Pad1.05x0.95mm_HandSolder","~",""
"3","2","C10, C14","100u 16V","Device:C_Polarized","Capacitor_THT:CP_Radial_D8.0mm_P3.50mm","~",""
"4","1","C12","47u 6V","stm32-rescue:CP","Capacitor_Tantalum_SMD:CP_EIA-3216-18_Kemet-A_Pad1.58x1.35mm_HandSolder","",""
"5","1","C13","47u 10V","Device:C_Polarized","Capacitor_Tantalum_SMD:CP_EIA-6032-28_Kemet-C_Pad2.25x2.35mm_HandSolder","~",""
"6","1","C16","100u 35V","Device:C_Polarized","Capacitor_THT:CP_Radial_D8.0mm_P3.50mm","~",""
"7","4","D1, D3, D4, D6","CESD3V3","Device:D","Diode_SMD:D_0805_2012Metric_Pad1.15x1.40mm_HandSolder","~",""
"8","3","D2, D5, D7","D","Device:D","Diode_SMD:D_0805_2012Metric_Pad1.15x1.40mm_HandSolder","~",""
"9","1","D8","PESD1CAN","elements:PESD1CAN","Package_TO_SOT_SMD:SOT-23","",""
"10","1","D9","USB6B1","elements:USB6B1","Package_SO:SOIC-8_3.9x4.9mm_P1.27mm","",""
"11","1","D10","SS14","Device:D_Schottky","Diode_SMD:D_SMA-SMB_Universal_Handsoldering","~",""
"12","1","D11","MM3Z7V5","Device:D_Zener","Diode_SMD:D_0805_2012Metric_Pad1.15x1.40mm_HandSolder","~",""
"13","1","D12","1N5822","Device:D","Diode_THT:D_DO-201_P3.81mm_Vertical_AnodeUp","~",""
"14","2","J1, J6","01x03","Connector:Conn_01x03_Male","Connector_JST:JST_PH_B3B-PH-K_1x03_P2.00mm_Vertical","~",""
"15","8","J2, J3, J4, J5, J14, J15, J16, J17","Conn_01x04_Female","Connector:Conn_01x04_Female","Connector_JST:JST_PH_B4B-PH-K_1x04_P2.00mm_Vertical","~",""
"16","2","J7, J10","Screw_Terminal_01x03","Connector:Screw_Terminal_01x03","TerminalBlock_Phoenix:TerminalBlock_Phoenix_MKDS-1,5-3_1x03_P5.00mm_Horizontal","~",""
"17","2","J8, J9","01x05","Connector:Conn_01x05_Male","Connector_JST:JST_PH_B5B-PH-K_1x05_P2.00mm_Vertical","~",""
"18","1","J11","USB_B","Connector:USB_B","Connector_USB:USB_B_OST_USB-B1HSxx_Horizontal"," ~",""
"19","2","J12, J13","Screw_Terminal_01x02","Connector:Screw_Terminal_01x02","TerminalBlock_Phoenix:TerminalBlock_Phoenix_MKDS-1,5-2_1x02_P5.00mm_Horizontal","~",""
"20","1","J18","buzzer","Connector:Conn_01x02_Female","Connector_JST:JST_PH_B2B-PH-K_1x02_P2.00mm_Vertical","~",""
"21","1","JP1","SolderJumper_3_Open","Jumper:SolderJumper_3_Open","Jumper:SolderJumper-3_P1.3mm_Open_Pad1.0x1.5mm","~",""
"22","1","K1","G5LE-1","Relay:G5LE-1","Relay_THT:Relay_SPDT_Omron-G5LE-1","http://www.omron.com/ecb/products/pdf/en-g5le.pdf",""
"23","1","L1","100u","Device:L","Inductor_THT:L_Toroid_Horizontal_D6.5mm_P10.00mm_Diameter7-5mm_Amidon-T25","~",""
"24","4","P1, P2, P6, P7","Hole","stm32-rescue:CONN_01X01","my_footprints:Hole_3mm","",""
"25","1","Q1","B0505S","elements:B0505S","my_footprints:B0x0xS","",""
"26","3","Q2, Q3, Q4","SI2300","Device:Q_NMOS_GSD","Package_TO_SOT_SMD:SOT-23_Handsoldering","~",""
"27","1","Q5","IRF9310","elements:IRF9310","Package_SO:SO-8_3.9x4.9mm_P1.27mm","~",""
"28","6","R1, R2, R17, R18, R20, R33","10k","Device:R","Resistor_SMD:R_0603_1608Metric_Pad1.05x0.95mm_HandSolder","~",""
"29","3","R3, R13, R34","4k7","Device:R","Resistor_SMD:R_0603_1608Metric_Pad1.05x0.95mm_HandSolder","~",""
"30","5","R4, R7, R10, R30, R31","22","stm32-rescue:R","Resistor_SMD:R_0603_1608Metric_Pad1.05x0.95mm_HandSolder","",""
"31","15","R5, R6, R8, R9, R11, R12, R14, R15, R23, R24, R25, R26, R27, R28, R29","100","Device:R","Resistor_SMD:R_0603_1608Metric_Pad1.05x0.95mm_HandSolder","~",""
"32","3","R16, R21, R32","330","Device:R","Resistor_SMD:R_0603_1608Metric_Pad1.05x0.95mm_HandSolder","~",""
"33","1","R19","120","stm32-rescue:R","Resistor_SMD:R_1210_3225Metric_Pad1.42x2.65mm_HandSolder","",""
"34","1","R22","47","Device:R","Resistor_SMD:R_0603_1608Metric_Pad1.05x0.95mm_HandSolder","~",""
"35","1","SW1","SW_DIP_x01","Switch:SW_DIP_x01","Button_Switch_THT:SW_DIP_SPSTx01_Slide_6.7x4.1mm_W7.62mm_P2.54mm_LowProfile","~",""
"36","1","TP1","5V","Connector:TestPoint","Connector_PinSocket_2.54mm:PinSocket_1x01_P2.54mm_Vertical","~",""
"37","1","TP2","3.3V","Connector:TestPoint","Connector_PinSocket_2.54mm:PinSocket_1x01_P2.54mm_Vertical","~",""
"38","1","TP3","NRST","Connector:TestPoint","Connector_PinSocket_2.54mm:PinSocket_1x01_P2.54mm_Vertical","~",""
"39","1","TP4","Gnd","Connector:TestPoint","Connector_PinSocket_2.54mm:PinSocket_1x01_P2.54mm_Vertical","~",""
"40","1","U1","ISO1050DUB","Interface_CAN_LIN:ISO1050DUB","Package_SO:SOP-8_6.62x9.15mm_P2.54mm","http://www.ti.com/lit/ds/symlink/iso1050.pdf",""
"41","1","U2","STM32F072C8Tx","MCU_ST_STM32F0:STM32F072C8Tx","Package_QFP:LQFP-48_7x7mm_P0.5mm","http://www.st.com/st-web-ui/static/active/en/resource/technical/document/datasheet/DM00090510.pdf",""
"42","1","U3","LM2576-5.0","vreg:LM2576","Package_TO_SOT_THT:TO-220-5_P3.4x3.7mm_StaggerEven_Lead3.8mm_Vertical","","Texas Instruments"
"43","2","U4, U5","CD4050","elements:CD4050","Package_SO:SOIC-16_3.9x9.9mm_P1.27mm","",""
"44","1","U6","LM1117-3.3","Regulator_Linear:LM1117-3.3","Package_TO_SOT_SMD:SOT-223-3_TabPin2","http://www.ti.com/lit/ds/symlink/lm1117.pdf",""
