"Source:","/home/eddy/Yandex.Disk/Projects/stm32samples/F0-nolib/CANbus_stepper/kicad/stm32.sch"
"Date:","๗ิ 10 อมา 2020 09:31:14"
"Tool:","Eeschema 5.1.4"
"Generator:","/usr/local/share/kicad/plugins/bom_csv_grouped_by_value.py"
"Component Count:","66"

"Individual Components:"

"Item","Qty","Reference(s)","Value","LibPart","Footprint","Datasheet"
"","","C1","0.1","Device:C","Capacitor_SMD:C_0603_1608Metric_Pad1.05x0.95mm_HandSolder",""
"","","C2","100uF","Device:CP","Capacitor_THT:CP_Radial_D8.0mm_P3.50mm","~"
"","","C3","0.1","Device:C","Capacitor_SMD:C_0603_1608Metric_Pad1.05x0.95mm_HandSolder",""
"","","C4","47uF, 10V","Device:CP","Capacitor_Tantalum_SMD:CP_EIA-6032-28_Kemet-C_Pad2.25x2.35mm_HandSolder","~"
"","","C5","0.1","Device:C","Capacitor_SMD:C_0603_1608Metric_Pad1.05x0.95mm_HandSolder",""
"","","C6","47uF, 10V","Device:CP","Capacitor_Tantalum_SMD:CP_EIA-6032-28_Kemet-C_Pad2.25x2.35mm_HandSolder","~"
"","","C7","0.1","Device:C","Capacitor_SMD:C_0603_1608Metric_Pad1.05x0.95mm_HandSolder",""
"","","C8","0.1","Device:C","Capacitor_SMD:C_0603_1608Metric_Pad1.05x0.95mm_HandSolder",""
"","","C9","0.1","Device:C","Capacitor_SMD:C_0603_1608Metric_Pad1.05x0.95mm_HandSolder",""
"","","C10","0.1","Device:C","Capacitor_SMD:C_0603_1608Metric_Pad1.05x0.95mm_HandSolder",""
"","","C11","0.1","Device:C","Capacitor_SMD:C_0603_1608Metric_Pad1.05x0.95mm_HandSolder",""
"","","C12","0.1","Device:C","Capacitor_SMD:C_0603_1608Metric_Pad1.05x0.95mm_HandSolder",""
"","","D1","MBRS130L","Device:D_Schottky","Diode_SMD:D_SMB_Handsoldering",""
"","","D2","MBRS130L","Device:D_Schottky","Diode_SMD:D_SMB_Handsoldering",""
"","","D3","PESD3V3L4UG","Power_Protection:PESD3V3L4UG","TO_SOT_Packages_SMD:SOT-363_SC-70-6_Handsoldering","https://assets.nexperia.com/documents/data-sheet/PESDXL4UF_G_W.pdf"
"","","D4","PESD1CAN","elements:PESD1CAN","TO_SOT_Packages_SMD:SOT-23_Handsoldering",""
"","","D5","MM3Z7V5","Device:D_Zener","Diode_SMD:D_0805_2012Metric_Pad1.15x1.40mm_HandSolder","~"
"","","D6","USB6B1","Power_Protection:USB6B1","Package_SO:SOIC-8_3.9x4.9mm_P1.27mm",""
"","","D7","MM3Z3V9","Device:D_Zener","Diode_SMD:D_0805_2012Metric_Pad1.15x1.40mm_HandSolder",""
"","","D8","MM3Z3V9","Device:D_Zener","Diode_SMD:D_0805_2012Metric_Pad1.15x1.40mm_HandSolder",""
"","","F1","1A","Device:Fuse","MyFootprints:FuseHolder","~"
"","","J1","A","Connector:Screw_Terminal_01x02","TerminalBlock_Phoenix:TerminalBlock_Phoenix_MKDS-1,5-2_1x02_P5.00mm_Horizontal",""
"","","J2","B","Connector:Screw_Terminal_01x02","TerminalBlock_Phoenix:TerminalBlock_Phoenix_MKDS-1,5-2_1x02_P5.00mm_Horizontal",""
"","","J3","Conn_01x08_Female","Connector:Conn_01x08_Female","Connector_PinSocket_2.54mm:PinSocket_1x08_P2.54mm_Vertical","~"
"","","J4","Conn_01x08_Female","Connector:Conn_01x08_Female","Connector_PinSocket_2.54mm:PinSocket_1x08_P2.54mm_Vertical","~"
"","","J5","+/-","Connector:Screw_Terminal_01x02","TerminalBlock_Phoenix:TerminalBlock_Phoenix_MKDS-1,5-2_1x02_P5.00mm_Horizontal",""
"","","J6","CONN_02X03","Switch:SW_DIP_x04","Button_Switch_THT:SW_DIP_SPSTx04_Slide_9.78x12.34mm_W7.62mm_P2.54mm",""
"","","J7","0/1","Connector:Screw_Terminal_01x02","TerminalBlock_Phoenix:TerminalBlock_Phoenix_MKDS-1,5-2_1x02_P5.00mm_Horizontal",""
"","","J8","2/3","Connector:Screw_Terminal_01x02","TerminalBlock_Phoenix:TerminalBlock_Phoenix_MKDS-1,5-2_1x02_P5.00mm_Horizontal",""
"","","J9","DB9_Female","Connector:DB9_Female","Connector_Dsub:DSUB-9_Female_Horizontal_P2.77x2.84mm_EdgePinOffset4.94mm_Housed_MountingHolesOffset7.48mm",""
"","","J10","12v","Connector:Screw_Terminal_01x02","TerminalBlock_Phoenix:TerminalBlock_Phoenix_MKDS-1,5-2_1x02_P5.00mm_Horizontal",""
"","","J11","DB9_Male","Connector:DB9_Male","Connector_Dsub:DSUB-9_Male_Horizontal_P2.77x2.84mm_EdgePinOffset4.94mm_Housed_MountingHolesOffset7.48mm",""
"","","J12","RS-485","Connector:Screw_Terminal_01x02","TerminalBlock_Phoenix:TerminalBlock_Phoenix_MKDS-1,5-2_1x02_P5.00mm_Horizontal",""
"","","J13","Conn_01x06","Connector_Generic:Conn_01x06","Connector_PinSocket_2.54mm:PinSocket_1x06_P2.54mm_Vertical","~"
"","","P1","USB_A","Connector:USB_B","Connectors_USB:USB_B_OST_USB-B1HSxx_Horizontal",""
"","","P2","Hole","Connector_Generic:Conn_01x01","MountingHole:MountingHole_3.2mm_M3",""
"","","P3","Hole","Connector_Generic:Conn_01x01","MountingHole:MountingHole_3.2mm_M3",""
"","","P4","Hole","Connector_Generic:Conn_01x01","MountingHole:MountingHole_3.2mm_M3",""
"","","P5","Hole","Connector_Generic:Conn_01x01","MountingHole:MountingHole_3.2mm_M3",""
"","","Q1","SI2305","Device:Q_PMOS_GSD","TO_SOT_Packages_SMD:SOT-23_Handsoldering","~"
"","","Q2","AO3407","Device:Q_PMOS_GSD","TO_SOT_Packages_SMD:SOT-23_Handsoldering",""
"","","R1","330","Device:R","Resistor_SMD:R_0603_1608Metric_Pad1.05x0.95mm_HandSolder","~"
"","","R2","10k","Device:R","Resistor_SMD:R_0603_1608Metric_Pad1.05x0.95mm_HandSolder","~"
"","","R3","120","Device:R","Resistor_SMD:R_0603_1608Metric_Pad1.05x0.95mm_HandSolder","~"
"","","R4","15k","Device:R","Resistor_SMD:R_0603_1608Metric_Pad1.05x0.95mm_HandSolder",""
"","","R5","330","Device:R","Resistor_SMD:R_0603_1608Metric_Pad1.05x0.95mm_HandSolder","~"
"","","R6","330","Device:R","Resistor_SMD:R_0603_1608Metric_Pad1.05x0.95mm_HandSolder","~"
"","","R7","330","Device:R","Resistor_SMD:R_0603_1608Metric_Pad1.05x0.95mm_HandSolder","~"
"","","R8","330","Device:R","Resistor_SMD:R_0603_1608Metric_Pad1.05x0.95mm_HandSolder","~"
"","","R9","120","Device:R","Resistor_SMD:R_0603_1608Metric_Pad1.05x0.95mm_HandSolder",""
"","","R10","10k","Device:R","Resistor_SMD:R_0603_1608Metric_Pad1.05x0.95mm_HandSolder","~"
"","","R11","22","Device:R","Resistor_SMD:R_0603_1608Metric_Pad1.05x0.95mm_HandSolder",""
"","","R12","22","Device:R","Resistor_SMD:R_0603_1608Metric_Pad1.05x0.95mm_HandSolder",""
"","","R13","220k","Device:R","Resistor_SMD:R_0603_1608Metric_Pad1.05x0.95mm_HandSolder",""
"","","R14","56k","Device:R","Resistor_SMD:R_0603_1608Metric_Pad1.05x0.95mm_HandSolder",""
"","","R15","47k","Device:R","Resistor_SMD:R_0603_1608Metric_Pad1.05x0.95mm_HandSolder",""
"","","R16","47k","Device:R","Resistor_SMD:R_0603_1608Metric_Pad1.05x0.95mm_HandSolder",""
"","","R17","47k","Device:R","Resistor_SMD:R_0603_1608Metric_Pad1.05x0.95mm_HandSolder",""
"","","R18","22","Device:R","Resistor_SMD:R_0603_1608Metric_Pad1.05x0.95mm_HandSolder","~"
"","","SW1","SW_DIP_x01","Switch:SW_DIP_x01","Button_Switch_THT:SW_DIP_SPSTx01_Slide_6.7x4.1mm_W7.62mm_P2.54mm_LowProfile","~"
"","","U1","ISO1050DUB","Interface_CAN_LIN:ISO1050DUB","Package_SO:SOP-8_6.62x9.15mm_P2.54mm","http://www.ti.com/lit/ds/symlink/iso1050.pdf"
"","","U2","LM1117-5.0","Regulator_Linear:LM1117-3.3","TO_SOT_Packages_SMD:SOT-223-3_TabPin2",""
"","","U3","LM1117-3.3","Regulator_Linear:LM1117-3.3","TO_SOT_Packages_SMD:SOT-223-3_TabPin2",""
"","","U4","MCP2551-I/SN","Interface_CAN_LIN:MCP2551-I-SN","Package_SO:SOIC-8_3.9x4.9mm_P1.27mm",""
"","","U5","STM32F072CBTx","MCU_ST_STM32F0:STM32F072CBTx","Package_QFP:LQFP-48_7x7mm_P0.5mm","http://www.st.com/st-web-ui/static/active/en/resource/technical/document/datasheet/DM00090510.pdf"
"","","U6","MAX3485","Interface_UART:MAX3485","Package_SO:SO-8_3.9x4.9mm_P1.27mm","https://datasheets.maximintegrated.com/en/ds/MAX3483-MAX3491.pdf"



"Collated Components:"

"Item","Qty","Reference(s)","Value","LibPart","Footprint","Datasheet"
"1","9","C1, C3, C5, C7, C8, C9, C10, C11, C12","0.1","Device:C","Capacitor_SMD:C_0603_1608Metric_Pad1.05x0.95mm_HandSolder",""
"2","1","C2","100uF","Device:CP","Capacitor_THT:CP_Radial_D8.0mm_P3.50mm","~"
"3","2","C4, C6","47uF, 10V","Device:CP","Capacitor_Tantalum_SMD:CP_EIA-6032-28_Kemet-C_Pad2.25x2.35mm_HandSolder","~"
"4","2","D1, D2","MBRS130L","Device:D_Schottky","Diode_SMD:D_SMB_Handsoldering",""
"5","1","D3","PESD3V3L4UG","Power_Protection:PESD3V3L4UG","TO_SOT_Packages_SMD:SOT-363_SC-70-6_Handsoldering","https://assets.nexperia.com/documents/data-sheet/PESDXL4UF_G_W.pdf"
"6","1","D4","PESD1CAN","elements:PESD1CAN","TO_SOT_Packages_SMD:SOT-23_Handsoldering",""
"7","1","D5","MM3Z7V5","Device:D_Zener","Diode_SMD:D_0805_2012Metric_Pad1.15x1.40mm_HandSolder","~"
"8","1","D6","USB6B1","Power_Protection:USB6B1","Package_SO:SOIC-8_3.9x4.9mm_P1.27mm",""
"9","2","D7, D8","MM3Z3V9","Device:D_Zener","Diode_SMD:D_0805_2012Metric_Pad1.15x1.40mm_HandSolder",""
"10","1","F1","1A","Device:Fuse","MyFootprints:FuseHolder","~"
"11","1","J1","A","Connector:Screw_Terminal_01x02","TerminalBlock_Phoenix:TerminalBlock_Phoenix_MKDS-1,5-2_1x02_P5.00mm_Horizontal",""
"12","1","J2","B","Connector:Screw_Terminal_01x02","TerminalBlock_Phoenix:TerminalBlock_Phoenix_MKDS-1,5-2_1x02_P5.00mm_Horizontal",""
"13","2","J3, J4","Conn_01x08_Female","Connector:Conn_01x08_Female","Connector_PinSocket_2.54mm:PinSocket_1x08_P2.54mm_Vertical","~"
"14","1","J5","+/-","Connector:Screw_Terminal_01x02","TerminalBlock_Phoenix:TerminalBlock_Phoenix_MKDS-1,5-2_1x02_P5.00mm_Horizontal",""
"15","1","J6","CONN_02X03","Switch:SW_DIP_x04","Button_Switch_THT:SW_DIP_SPSTx04_Slide_9.78x12.34mm_W7.62mm_P2.54mm",""
"16","1","J7","0/1","Connector:Screw_Terminal_01x02","TerminalBlock_Phoenix:TerminalBlock_Phoenix_MKDS-1,5-2_1x02_P5.00mm_Horizontal",""
"17","1","J8","2/3","Connector:Screw_Terminal_01x02","TerminalBlock_Phoenix:TerminalBlock_Phoenix_MKDS-1,5-2_1x02_P5.00mm_Horizontal",""
"18","1","J9","DB9_Female","Connector:DB9_Female","Connector_Dsub:DSUB-9_Female_Horizontal_P2.77x2.84mm_EdgePinOffset4.94mm_Housed_MountingHolesOffset7.48mm",""
"19","1","J10","12v","Connector:Screw_Terminal_01x02","TerminalBlock_Phoenix:TerminalBlock_Phoenix_MKDS-1,5-2_1x02_P5.00mm_Horizontal",""
"20","1","J11","DB9_Male","Connector:DB9_Male","Connector_Dsub:DSUB-9_Male_Horizontal_P2.77x2.84mm_EdgePinOffset4.94mm_Housed_MountingHolesOffset7.48mm",""
"21","1","J12","RS-485","Connector:Screw_Terminal_01x02","TerminalBlock_Phoenix:TerminalBlock_Phoenix_MKDS-1,5-2_1x02_P5.00mm_Horizontal",""
"22","1","J13","Conn_01x06","Connector_Generic:Conn_01x06","Connector_PinSocket_2.54mm:PinSocket_1x06_P2.54mm_Vertical","~"
"23","1","P1","USB_A","Connector:USB_B","Connectors_USB:USB_B_OST_USB-B1HSxx_Horizontal",""
"24","4","P2, P3, P4, P5","Hole","Connector_Generic:Conn_01x01","MountingHole:MountingHole_3.2mm_M3",""
"25","1","Q1","SI2305","Device:Q_PMOS_GSD","TO_SOT_Packages_SMD:SOT-23_Handsoldering","~"
"26","1","Q2","AO3407","Device:Q_PMOS_GSD","TO_SOT_Packages_SMD:SOT-23_Handsoldering",""
"27","5","R1, R5, R6, R7, R8","330","Device:R","Resistor_SMD:R_0603_1608Metric_Pad1.05x0.95mm_HandSolder","~"
"28","2","R2, R10","10k","Device:R","Resistor_SMD:R_0603_1608Metric_Pad1.05x0.95mm_HandSolder","~"
"29","2","R3, R9","120","Device:R","Resistor_SMD:R_0603_1608Metric_Pad1.05x0.95mm_HandSolder","~"
"30","1","R4","15k","Device:R","Resistor_SMD:R_0603_1608Metric_Pad1.05x0.95mm_HandSolder",""
"31","3","R11, R12, R18","22","Device:R","Resistor_SMD:R_0603_1608Metric_Pad1.05x0.95mm_HandSolder","~"
"32","1","R13","220k","Device:R","Resistor_SMD:R_0603_1608Metric_Pad1.05x0.95mm_HandSolder",""
"33","1","R14","56k","Device:R","Resistor_SMD:R_0603_1608Metric_Pad1.05x0.95mm_HandSolder",""
"34","3","R15, R16, R17","47k","Device:R","Resistor_SMD:R_0603_1608Metric_Pad1.05x0.95mm_HandSolder",""
"35","1","SW1","SW_DIP_x01","Switch:SW_DIP_x01","Button_Switch_THT:SW_DIP_SPSTx01_Slide_6.7x4.1mm_W7.62mm_P2.54mm_LowProfile","~"
"36","1","U1","ISO1050DUB","Interface_CAN_LIN:ISO1050DUB","Package_SO:SOP-8_6.62x9.15mm_P2.54mm","http://www.ti.com/lit/ds/symlink/iso1050.pdf"
"37","1","U2","LM1117-5.0","Regulator_Linear:LM1117-3.3","TO_SOT_Packages_SMD:SOT-223-3_TabPin2",""
"38","1","U3","LM1117-3.3","Regulator_Linear:LM1117-3.3","TO_SOT_Packages_SMD:SOT-223-3_TabPin2",""
"39","1","U4","MCP2551-I/SN","Interface_CAN_LIN:MCP2551-I-SN","Package_SO:SOIC-8_3.9x4.9mm_P1.27mm",""
"40","1","U5","STM32F072CBTx","MCU_ST_STM32F0:STM32F072CBTx","Package_QFP:LQFP-48_7x7mm_P0.5mm","http://www.st.com/st-web-ui/static/active/en/resource/technical/document/datasheet/DM00090510.pdf"
"41","1","U6","MAX3485","Interface_UART:MAX3485","Package_SO:SO-8_3.9x4.9mm_P1.27mm","https://datasheets.maximintegrated.com/en/ds/MAX3483-MAX3491.pdf"
