"Source:","/Big/Data/00__Electronics/STM32/F303-nolib/Multistepper/kicad/multistepper.kicad_sch"
"Date:","Пн 06 фев 2023 19:51:26"
"Tool:","Eeschema 6.0.10"
"Generator:","/usr/local/share/kicad/plugins/bom_csv_grouped_by_value.py"
"Component Count:","241"

"Individual Components:"

"Item","Qty","Reference(s)","Value","LibPart","Footprint","Datasheet","Manufacturer"
"","","C1","6","stm32-rescue:C","Capacitor_SMD:C_0603_1608Metric_Pad1.08x0.95mm_HandSolder","",""
"","","C2","0.1","Device:C","Capacitor_SMD:C_0603_1608Metric_Pad1.08x0.95mm_HandSolder","~",""
"","","C3","0.1","Device:C","Capacitor_SMD:C_0603_1608Metric_Pad1.08x0.95mm_HandSolder","~",""
"","","C4","6","stm32-rescue:C","Capacitor_SMD:C_0603_1608Metric_Pad1.08x0.95mm_HandSolder","",""
"","","C5","0.1","Device:C","Capacitor_SMD:C_0603_1608Metric_Pad1.08x0.95mm_HandSolder","~",""
"","","C6","0.1","Device:C","Capacitor_SMD:C_0603_1608Metric_Pad1.08x0.95mm_HandSolder","~",""
"","","C7","0.1","Device:C","Capacitor_SMD:C_0603_1608Metric_Pad1.08x0.95mm_HandSolder","~",""
"","","C8","0.1","Device:C","Capacitor_SMD:C_0603_1608Metric_Pad1.08x0.95mm_HandSolder","~",""
"","","C9","0.1","Device:C","Capacitor_SMD:C_0603_1608Metric_Pad1.08x0.95mm_HandSolder","~",""
"","","C10","1u","stm32-rescue:C","Capacitor_SMD:C_0603_1608Metric_Pad1.08x0.95mm_HandSolder","",""
"","","C11","1u","stm32-rescue:C","Capacitor_SMD:C_0603_1608Metric_Pad1.08x0.95mm_HandSolder","",""
"","","C12","1u","stm32-rescue:C","Capacitor_SMD:C_0603_1608Metric_Pad1.08x0.95mm_HandSolder","",""
"","","C13","0.1","Device:C","Capacitor_SMD:C_0603_1608Metric_Pad1.08x0.95mm_HandSolder","~",""
"","","C14","47u 35V","Device:C_Polarized","Capacitor_Tantalum_SMD:CP_EIA-6032-28_Kemet-C_Pad2.25x2.35mm_HandSolder","~",""
"","","C15","0.1","stm32-rescue:C","Capacitor_SMD:C_0603_1608Metric_Pad1.08x0.95mm_HandSolder","",""
"","","C16","47u 6V","stm32-rescue:CP","Capacitor_Tantalum_SMD:CP_EIA-3216-18_Kemet-A_Pad1.58x1.35mm_HandSolder","",""
"","","C17","47u 10V","Device:C_Polarized","Capacitor_Tantalum_SMD:CP_EIA-6032-28_Kemet-C_Pad2.25x2.35mm_HandSolder","~",""
"","","C18","0.1","stm32-rescue:C","Capacitor_SMD:C_0603_1608Metric_Pad1.08x0.95mm_HandSolder","",""
"","","C19","100u 35V","Device:C_Polarized","Capacitor_THT:CP_Radial_D8.0mm_P3.50mm","~",""
"","","C20","100u 35V","Device:C_Polarized","Capacitor_THT:CP_Radial_D8.0mm_P3.50mm","~",""
"","","C21","100u 35V","Device:C_Polarized","Capacitor_THT:CP_Radial_D8.0mm_P3.50mm","~",""
"","","C22","100u 35V","Device:C_Polarized","Capacitor_THT:CP_Radial_D8.0mm_P3.50mm","~",""
"","","C23","100u 35V","Device:C_Polarized","Capacitor_THT:CP_Radial_D8.0mm_P3.50mm","~",""
"","","C24","100u 35V","Device:C_Polarized","Capacitor_THT:CP_Radial_D8.0mm_P3.50mm","~",""
"","","C25","100u 35V","Device:C_Polarized","Capacitor_THT:CP_Radial_D8.0mm_P3.50mm","~",""
"","","C26","100u 35V","Device:C_Polarized","Capacitor_THT:CP_Radial_D8.0mm_P3.50mm","~",""
"","","C27","0.1","stm32-rescue:C","Capacitor_SMD:C_0603_1608Metric_Pad1.08x0.95mm_HandSolder","",""
"","","C28","47u 6V","stm32-rescue:CP","Capacitor_Tantalum_SMD:CP_EIA-3216-18_Kemet-A_Pad1.58x1.35mm_HandSolder","",""
"","","C29","0.1","stm32-rescue:C","Capacitor_SMD:C_0603_1608Metric_Pad1.08x0.95mm_HandSolder","",""
"","","D1","SP0505BAHT","Power_Protection:SP0505BAHT","Package_TO_SOT_SMD:SOT-23-6","http://www.littelfuse.com/~/media/files/littelfuse/technical%20resources/documents/data%20sheets/sp05xxba.pdf",""
"","","D2","SP0505BAHT","Power_Protection:SP0505BAHT","Package_TO_SOT_SMD:SOT-23-6","http://www.littelfuse.com/~/media/files/littelfuse/technical%20resources/documents/data%20sheets/sp05xxba.pdf",""
"","","D3","SP0505BAHT","Power_Protection:SP0505BAHT","Package_TO_SOT_SMD:SOT-23-6","http://www.littelfuse.com/~/media/files/littelfuse/technical%20resources/documents/data%20sheets/sp05xxba.pdf",""
"","","D4","SP0505BAHT","Power_Protection:SP0505BAHT","Package_TO_SOT_SMD:SOT-23-6","http://www.littelfuse.com/~/media/files/littelfuse/technical%20resources/documents/data%20sheets/sp05xxba.pdf",""
"","","D5","SP0505BAHT","Power_Protection:SP0505BAHT","Package_TO_SOT_SMD:SOT-23-6","http://www.littelfuse.com/~/media/files/littelfuse/technical%20resources/documents/data%20sheets/sp05xxba.pdf",""
"","","D6","SP0505BAHT","Power_Protection:SP0505BAHT","Package_TO_SOT_SMD:SOT-23-6","http://www.littelfuse.com/~/media/files/littelfuse/technical%20resources/documents/data%20sheets/sp05xxba.pdf",""
"","","D7","SP0505BAHT","Power_Protection:SP0505BAHT","Package_TO_SOT_SMD:SOT-23-6","http://www.littelfuse.com/~/media/files/littelfuse/technical%20resources/documents/data%20sheets/sp05xxba.pdf",""
"","","D8","SP0505BAHT","Power_Protection:SP0505BAHT","Package_TO_SOT_SMD:SOT-23-6","http://www.littelfuse.com/~/media/files/littelfuse/technical%20resources/documents/data%20sheets/sp05xxba.pdf",""
"","","D9","SS14","Device:D_Schottky","Diode_SMD:D_SOD-323_HandSoldering","~",""
"","","D10","SS14","Device:D_Schottky","Diode_SMD:D_SOD-323_HandSoldering","~",""
"","","D11","SS14","Device:D_Schottky","Diode_SMD:D_SOD-323_HandSoldering","~",""
"","","D12","SS14","Device:D_Schottky","Diode_SMD:D_SOD-323_HandSoldering","~",""
"","","D13","SS14","Device:D_Schottky","Diode_SMD:D_SOD-323_HandSoldering","~",""
"","","D14","SS14","Device:D_Schottky","Diode_SMD:D_SOD-323_HandSoldering","~",""
"","","D15","SS14","Device:D_Schottky","Diode_SMD:D_SOD-323_HandSoldering","~",""
"","","D16","SS14","Device:D_Schottky","Diode_SMD:D_SOD-323_HandSoldering","~",""
"","","D17","SS14","Device:D_Schottky","Diode_SMD:D_SOD-323_HandSoldering","~",""
"","","D18","SS14","Device:D_Schottky","Diode_SMD:D_SOD-323_HandSoldering","~",""
"","","D19","SS14","Device:D_Schottky","Diode_SMD:D_SOD-323_HandSoldering","~",""
"","","D20","SS14","Device:D_Schottky","Diode_SMD:D_SOD-323_HandSoldering","~",""
"","","D21","SS14","Device:D_Schottky","Diode_SMD:D_SOD-323_HandSoldering","~",""
"","","D22","MBRS130L","Device:D_Schottky","Diode_SMD:D_SMB_Handsoldering","~",""
"","","D23","SS14","Device:D_Schottky","Diode_SMD:D_SOD-323_HandSoldering","~",""
"","","D24","PESD1CAN","elements:PESD1CAN","Package_TO_SOT_SMD:SOT-23","",""
"","","D25","MM3Z7V5","Device:D_Zener","Diode_SMD:D_0805_2012Metric_Pad1.15x1.40mm_HandSolder","~",""
"","","D26","1N5822","Device:D","Diode_THT:D_DO-201_P3.81mm_Vertical_AnodeUp","~",""
"","","D27","MBRS130L","Device:D_Schottky","Diode_SMD:D_SMB_Handsoldering","~",""
"","","H1","MountingHole","Mechanical:MountingHole","MountingHole:MountingHole_3.2mm_M3_DIN965_Pad","~",""
"","","H2","MountingHole","Mechanical:MountingHole","MountingHole:MountingHole_3.2mm_M3_DIN965_Pad","~",""
"","","H3","MountingHole","Mechanical:MountingHole","MountingHole:MountingHole_3.2mm_M3_DIN965_Pad","~",""
"","","H4","MountingHole","Mechanical:MountingHole","MountingHole:MountingHole_3.2mm_M3_DIN965_Pad","~",""
"","","J1","Prog","Connector:Conn_01x06_Female","Connector_PinSocket_1.27mm:PinSocket_1x06_P1.27mm_Vertical","~",""
"","","J2","Buttons/I2C","Connector_Generic:Conn_02x05_Odd_Even","Connector_IDC:IDC-Header_2x05_P2.54mm_Vertical","~",""
"","","J3","Screen","Connector_Generic:Conn_02x05_Odd_Even","Connector_IDC:IDC-Header_2x05_P2.54mm_Vertical","~",""
"","","J4","ADC2","Connector:Conn_01x04_Female","Connector_JST:JST_PH_B4B-PH-K_1x04_P2.00mm_Vertical","~",""
"","","J5","ADC1","Connector:Conn_01x04_Female","Connector_JST:JST_PH_B4B-PH-K_1x04_P2.00mm_Vertical","~",""
"","","J6","MOT_MUL","Connector:Conn_01x05_Male","Connector_JST:JST_PH_B5B-PH-K_1x05_P2.00mm_Vertical","~",""
"","","J7","GPIO","Connector:Conn_01x04_Female","Connector_JST:JST_PH_B4B-PH-K_1x04_P2.00mm_Vertical","~",""
"","","J8","USB_B","Connector:USB_B","Connector_USB:USB_B_OST_USB-B1HSxx_Horizontal"," ~",""
"","","J9","Screw_Terminal_01x03","Connector:Screw_Terminal_01x03","TerminalBlock_Phoenix:TerminalBlock_Phoenix_MKDS-1,5-3_1x03_P5.00mm_Horizontal","~",""
"","","J10","Screw_Terminal_01x02","Connector:Screw_Terminal_01x02","TerminalBlock_Phoenix:TerminalBlock_Phoenix_MKDS-1,5-2_1x02_P5.00mm_Horizontal","~",""
"","","J11","LimS","Connector:Conn_01x04_Male","Connector_JST:JST_EH_B4B-EH-A_1x04_P2.50mm_Vertical","~",""
"","","J12","Stepper","Connector:Conn_01x04_Male","Connector_JST:JST_EH_B4B-EH-A_1x04_P2.50mm_Vertical","~",""
"","","J13","UART","Connector:Conn_01x03_Male","Connector_JST:JST_PH_B3B-PH-K_1x03_P2.00mm_Vertical","~",""
"","","J14","LimS","Connector:Conn_01x04_Male","Connector_JST:JST_EH_B4B-EH-A_1x04_P2.50mm_Vertical","~",""
"","","J15","Stepper","Connector:Conn_01x04_Male","Connector_JST:JST_EH_B4B-EH-A_1x04_P2.50mm_Vertical","~",""
"","","J16","LimS","Connector:Conn_01x04_Male","Connector_JST:JST_EH_B4B-EH-A_1x04_P2.50mm_Vertical","~",""
"","","J17","Stepper","Connector:Conn_01x04_Male","Connector_JST:JST_EH_B4B-EH-A_1x04_P2.50mm_Vertical","~",""
"","","J18","LimS","Connector:Conn_01x04_Male","Connector_JST:JST_EH_B4B-EH-A_1x04_P2.50mm_Vertical","~",""
"","","J19","Stepper","Connector:Conn_01x04_Male","Connector_JST:JST_EH_B4B-EH-A_1x04_P2.50mm_Vertical","~",""
"","","J20","LimS","Connector:Conn_01x04_Male","Connector_JST:JST_EH_B4B-EH-A_1x04_P2.50mm_Vertical","~",""
"","","J21","Stepper","Connector:Conn_01x04_Male","Connector_JST:JST_EH_B4B-EH-A_1x04_P2.50mm_Vertical","~",""
"","","J22","LimS","Connector:Conn_01x04_Male","Connector_JST:JST_EH_B4B-EH-A_1x04_P2.50mm_Vertical","~",""
"","","J23","Stepper","Connector:Conn_01x04_Male","Connector_JST:JST_EH_B4B-EH-A_1x04_P2.50mm_Vertical","~",""
"","","J24","LimS","Connector:Conn_01x04_Male","Connector_JST:JST_EH_B4B-EH-A_1x04_P2.50mm_Vertical","~",""
"","","J25","Stepper","Connector:Conn_01x04_Male","Connector_JST:JST_EH_B4B-EH-A_1x04_P2.50mm_Vertical","~",""
"","","J26","LimS","Connector:Conn_01x04_Male","Connector_JST:JST_EH_B4B-EH-A_1x04_P2.50mm_Vertical","~",""
"","","J27","Stepper","Connector:Conn_01x04_Male","Connector_JST:JST_EH_B4B-EH-A_1x04_P2.50mm_Vertical","~",""
"","","JP1","CAN","Jumper:SolderJumper_2_Bridged","Jumper:SolderJumper-2_P1.3mm_Open_TrianglePad1.0x1.5mm","~",""
"","","JP2","USB5V","Jumper:SolderJumper_2_Bridged","Jumper:SolderJumper-2_P1.3mm_Open_TrianglePad1.0x1.5mm","~",""
"","","JP3","MCU","Jumper:SolderJumper_2_Bridged","Jumper:SolderJumper-2_P1.3mm_Open_TrianglePad1.0x1.5mm","~",""
"","","JP4","3V3ADC","Jumper:SolderJumper_2_Bridged","Jumper:SolderJumper-2_P1.3mm_Open_TrianglePad1.0x1.5mm","~",""
"","","JP5","3V3","Jumper:SolderJumper_2_Bridged","Jumper:SolderJumper-2_P1.3mm_Open_TrianglePad1.0x1.5mm","~",""
"","","JP6","Vdrive","Jumper:SolderJumper_2_Bridged","Jumper:SolderJumper-2_P1.3mm_Open_TrianglePad1.0x1.5mm","~",""
"","","JP7","Vio","Jumper:SolderJumper_2_Bridged","Jumper:SolderJumper-2_P1.3mm_Open_TrianglePad1.0x1.5mm","~",""
"","","JP8","SolderJumper_3_Open","Jumper:SolderJumper_3_Open","Jumper:SolderJumper-3_P2.0mm_Open_TrianglePad1.0x1.5mm","~",""
"","","JP9","SolderJumper_3_Open","Jumper:SolderJumper_3_Open","Jumper:SolderJumper-3_P2.0mm_Open_TrianglePad1.0x1.5mm","~",""
"","","JP10","SolderJumper_3_Open","Jumper:SolderJumper_3_Open","Jumper:SolderJumper-3_P2.0mm_Open_TrianglePad1.0x1.5mm","~",""
"","","JP11","SolderJumper_3_Open","Jumper:SolderJumper_3_Open","Jumper:SolderJumper-3_P2.0mm_Open_TrianglePad1.0x1.5mm","~",""
"","","JP12","SolderJumper_3_Open","Jumper:SolderJumper_3_Open","Jumper:SolderJumper-3_P2.0mm_Open_TrianglePad1.0x1.5mm","~",""
"","","JP13","SolderJumper_2_Bridged","Jumper:SolderJumper_2_Open","Jumper:SolderJumper-2_P1.3mm_Open_TrianglePad1.0x1.5mm","~",""
"","","JP14","SolderJumper_2_Bridged","Jumper:SolderJumper_2_Open","Jumper:SolderJumper-2_P1.3mm_Open_TrianglePad1.0x1.5mm","~",""
"","","JP15","SolderJumper_2_Bridged","Jumper:SolderJumper_2_Open","Jumper:SolderJumper-2_P1.3mm_Open_TrianglePad1.0x1.5mm","~",""
"","","JP16","SolderJumper_3_Open","Jumper:SolderJumper_3_Open","Jumper:SolderJumper-3_P2.0mm_Open_TrianglePad1.0x1.5mm","~",""
"","","JP17","SolderJumper_3_Open","Jumper:SolderJumper_3_Open","Jumper:SolderJumper-3_P2.0mm_Open_TrianglePad1.0x1.5mm","~",""
"","","JP18","SolderJumper_3_Open","Jumper:SolderJumper_3_Open","Jumper:SolderJumper-3_P2.0mm_Open_TrianglePad1.0x1.5mm","~",""
"","","JP19","SolderJumper_3_Open","Jumper:SolderJumper_3_Open","Jumper:SolderJumper-3_P2.0mm_Open_TrianglePad1.0x1.5mm","~",""
"","","JP20","SolderJumper_3_Open","Jumper:SolderJumper_3_Open","Jumper:SolderJumper-3_P2.0mm_Open_TrianglePad1.0x1.5mm","~",""
"","","JP21","SolderJumper_2_Bridged","Jumper:SolderJumper_2_Open","Jumper:SolderJumper-2_P1.3mm_Open_TrianglePad1.0x1.5mm","~",""
"","","JP22","SolderJumper_2_Bridged","Jumper:SolderJumper_2_Open","Jumper:SolderJumper-2_P1.3mm_Open_TrianglePad1.0x1.5mm","~",""
"","","JP23","SolderJumper_2_Bridged","Jumper:SolderJumper_2_Open","Jumper:SolderJumper-2_P1.3mm_Open_TrianglePad1.0x1.5mm","~",""
"","","JP24","SolderJumper_3_Open","Jumper:SolderJumper_3_Open","Jumper:SolderJumper-3_P2.0mm_Open_TrianglePad1.0x1.5mm","~",""
"","","JP25","SolderJumper_3_Open","Jumper:SolderJumper_3_Open","Jumper:SolderJumper-3_P2.0mm_Open_TrianglePad1.0x1.5mm","~",""
"","","JP26","SolderJumper_3_Open","Jumper:SolderJumper_3_Open","Jumper:SolderJumper-3_P2.0mm_Open_TrianglePad1.0x1.5mm","~",""
"","","JP27","SolderJumper_3_Open","Jumper:SolderJumper_3_Open","Jumper:SolderJumper-3_P2.0mm_Open_TrianglePad1.0x1.5mm","~",""
"","","JP28","SolderJumper_3_Open","Jumper:SolderJumper_3_Open","Jumper:SolderJumper-3_P2.0mm_Open_TrianglePad1.0x1.5mm","~",""
"","","JP29","SolderJumper_2_Bridged","Jumper:SolderJumper_2_Open","Jumper:SolderJumper-2_P1.3mm_Open_TrianglePad1.0x1.5mm","~",""
"","","JP30","SolderJumper_2_Bridged","Jumper:SolderJumper_2_Open","Jumper:SolderJumper-2_P1.3mm_Open_TrianglePad1.0x1.5mm","~",""
"","","JP31","SolderJumper_2_Bridged","Jumper:SolderJumper_2_Open","Jumper:SolderJumper-2_P1.3mm_Open_TrianglePad1.0x1.5mm","~",""
"","","JP32","SolderJumper_3_Open","Jumper:SolderJumper_3_Open","Jumper:SolderJumper-3_P2.0mm_Open_TrianglePad1.0x1.5mm","~",""
"","","JP33","SolderJumper_3_Open","Jumper:SolderJumper_3_Open","Jumper:SolderJumper-3_P2.0mm_Open_TrianglePad1.0x1.5mm","~",""
"","","JP34","SolderJumper_3_Open","Jumper:SolderJumper_3_Open","Jumper:SolderJumper-3_P2.0mm_Open_TrianglePad1.0x1.5mm","~",""
"","","JP35","SolderJumper_3_Open","Jumper:SolderJumper_3_Open","Jumper:SolderJumper-3_P2.0mm_Open_TrianglePad1.0x1.5mm","~",""
"","","JP36","SolderJumper_3_Open","Jumper:SolderJumper_3_Open","Jumper:SolderJumper-3_P2.0mm_Open_TrianglePad1.0x1.5mm","~",""
"","","JP37","SolderJumper_2_Bridged","Jumper:SolderJumper_2_Open","Jumper:SolderJumper-2_P1.3mm_Open_TrianglePad1.0x1.5mm","~",""
"","","JP38","SolderJumper_2_Bridged","Jumper:SolderJumper_2_Open","Jumper:SolderJumper-2_P1.3mm_Open_TrianglePad1.0x1.5mm","~",""
"","","JP39","SolderJumper_2_Bridged","Jumper:SolderJumper_2_Open","Jumper:SolderJumper-2_P1.3mm_Open_TrianglePad1.0x1.5mm","~",""
"","","JP40","SolderJumper_3_Open","Jumper:SolderJumper_3_Open","Jumper:SolderJumper-3_P2.0mm_Open_TrianglePad1.0x1.5mm","~",""
"","","JP41","SolderJumper_3_Open","Jumper:SolderJumper_3_Open","Jumper:SolderJumper-3_P2.0mm_Open_TrianglePad1.0x1.5mm","~",""
"","","JP42","SolderJumper_3_Open","Jumper:SolderJumper_3_Open","Jumper:SolderJumper-3_P2.0mm_Open_TrianglePad1.0x1.5mm","~",""
"","","JP43","SolderJumper_3_Open","Jumper:SolderJumper_3_Open","Jumper:SolderJumper-3_P2.0mm_Open_TrianglePad1.0x1.5mm","~",""
"","","JP44","SolderJumper_3_Open","Jumper:SolderJumper_3_Open","Jumper:SolderJumper-3_P2.0mm_Open_TrianglePad1.0x1.5mm","~",""
"","","JP45","SolderJumper_2_Bridged","Jumper:SolderJumper_2_Open","Jumper:SolderJumper-2_P1.3mm_Open_TrianglePad1.0x1.5mm","~",""
"","","JP46","SolderJumper_2_Bridged","Jumper:SolderJumper_2_Open","Jumper:SolderJumper-2_P1.3mm_Open_TrianglePad1.0x1.5mm","~",""
"","","JP47","SolderJumper_2_Bridged","Jumper:SolderJumper_2_Open","Jumper:SolderJumper-2_P1.3mm_Open_TrianglePad1.0x1.5mm","~",""
"","","JP48","SolderJumper_3_Open","Jumper:SolderJumper_3_Open","Jumper:SolderJumper-3_P2.0mm_Open_TrianglePad1.0x1.5mm","~",""
"","","JP49","SolderJumper_3_Open","Jumper:SolderJumper_3_Open","Jumper:SolderJumper-3_P2.0mm_Open_TrianglePad1.0x1.5mm","~",""
"","","JP50","SolderJumper_3_Open","Jumper:SolderJumper_3_Open","Jumper:SolderJumper-3_P2.0mm_Open_TrianglePad1.0x1.5mm","~",""
"","","JP51","SolderJumper_3_Open","Jumper:SolderJumper_3_Open","Jumper:SolderJumper-3_P2.0mm_Open_TrianglePad1.0x1.5mm","~",""
"","","JP52","SolderJumper_3_Open","Jumper:SolderJumper_3_Open","Jumper:SolderJumper-3_P2.0mm_Open_TrianglePad1.0x1.5mm","~",""
"","","JP53","SolderJumper_2_Bridged","Jumper:SolderJumper_2_Open","Jumper:SolderJumper-2_P1.3mm_Open_TrianglePad1.0x1.5mm","~",""
"","","JP54","SolderJumper_2_Bridged","Jumper:SolderJumper_2_Open","Jumper:SolderJumper-2_P1.3mm_Open_TrianglePad1.0x1.5mm","~",""
"","","JP55","SolderJumper_2_Bridged","Jumper:SolderJumper_2_Open","Jumper:SolderJumper-2_P1.3mm_Open_TrianglePad1.0x1.5mm","~",""
"","","JP56","SolderJumper_3_Open","Jumper:SolderJumper_3_Open","Jumper:SolderJumper-3_P2.0mm_Open_TrianglePad1.0x1.5mm","~",""
"","","JP57","SolderJumper_3_Open","Jumper:SolderJumper_3_Open","Jumper:SolderJumper-3_P2.0mm_Open_TrianglePad1.0x1.5mm","~",""
"","","JP58","SolderJumper_3_Open","Jumper:SolderJumper_3_Open","Jumper:SolderJumper-3_P2.0mm_Open_TrianglePad1.0x1.5mm","~",""
"","","JP59","SolderJumper_3_Open","Jumper:SolderJumper_3_Open","Jumper:SolderJumper-3_P2.0mm_Open_TrianglePad1.0x1.5mm","~",""
"","","JP60","SolderJumper_3_Open","Jumper:SolderJumper_3_Open","Jumper:SolderJumper-3_P2.0mm_Open_TrianglePad1.0x1.5mm","~",""
"","","JP61","SolderJumper_2_Bridged","Jumper:SolderJumper_2_Open","Jumper:SolderJumper-2_P1.3mm_Open_TrianglePad1.0x1.5mm","~",""
"","","JP62","SolderJumper_2_Bridged","Jumper:SolderJumper_2_Open","Jumper:SolderJumper-2_P1.3mm_Open_TrianglePad1.0x1.5mm","~",""
"","","JP63","SolderJumper_2_Bridged","Jumper:SolderJumper_2_Open","Jumper:SolderJumper-2_P1.3mm_Open_TrianglePad1.0x1.5mm","~",""
"","","JP64","SolderJumper_3_Open","Jumper:SolderJumper_3_Open","Jumper:SolderJumper-3_P2.0mm_Open_TrianglePad1.0x1.5mm","~",""
"","","JP65","SolderJumper_3_Open","Jumper:SolderJumper_3_Open","Jumper:SolderJumper-3_P2.0mm_Open_TrianglePad1.0x1.5mm","~",""
"","","JP66","SolderJumper_3_Open","Jumper:SolderJumper_3_Open","Jumper:SolderJumper-3_P2.0mm_Open_TrianglePad1.0x1.5mm","~",""
"","","JP67","SolderJumper_3_Open","Jumper:SolderJumper_3_Open","Jumper:SolderJumper-3_P2.0mm_Open_TrianglePad1.0x1.5mm","~",""
"","","JP68","SolderJumper_3_Open","Jumper:SolderJumper_3_Open","Jumper:SolderJumper-3_P2.0mm_Open_TrianglePad1.0x1.5mm","~",""
"","","JP69","SolderJumper_2_Bridged","Jumper:SolderJumper_2_Open","Jumper:SolderJumper-2_P1.3mm_Open_TrianglePad1.0x1.5mm","~",""
"","","JP70","SolderJumper_2_Bridged","Jumper:SolderJumper_2_Open","Jumper:SolderJumper-2_P1.3mm_Open_TrianglePad1.0x1.5mm","~",""
"","","JP71","SolderJumper_2_Bridged","Jumper:SolderJumper_2_Open","Jumper:SolderJumper-2_P1.3mm_Open_TrianglePad1.0x1.5mm","~",""
"","","L1","100u","Device:L","Inductor_THT:L_Toroid_Horizontal_D6.5mm_P10.00mm_Diameter7-5mm_Amidon-T25","~",""
"","","Q1","B0505S","elements:B0505S","stepper:B0x0xS","",""
"","","Q2","IRF9310","elements:IRF9310","Package_SO:SO-8_3.9x4.9mm_P1.27mm","~",""
"","","Q3","AO3401","Device:Q_PMOS_GSD","Package_TO_SOT_SMD:SOT-23_Handsoldering","~",""
"","","R1","10k","Device:R","Resistor_SMD:R_0603_1608Metric_Pad0.98x0.95mm_HandSolder","~",""
"","","R2","22","Device:R","Resistor_SMD:R_0603_1608Metric_Pad0.98x0.95mm_HandSolder","~",""
"","","R3","7.5","Device:R","Resistor_SMD:R_0603_1608Metric_Pad0.98x0.95mm_HandSolder","~",""
"","","R4","7.5","Device:R","Resistor_SMD:R_0603_1608Metric_Pad0.98x0.95mm_HandSolder","~",""
"","","R5","5.1","Device:R","Resistor_SMD:R_0603_1608Metric_Pad0.98x0.95mm_HandSolder","~",""
"","","R6","330","Device:R","Resistor_SMD:R_0603_1608Metric_Pad0.98x0.95mm_HandSolder","~",""
"","","R7","330","Device:R","Resistor_SMD:R_0603_1608Metric_Pad0.98x0.95mm_HandSolder","~",""
"","","R8","330","Device:R","Resistor_SMD:R_0603_1608Metric_Pad0.98x0.95mm_HandSolder","~",""
"","","R9","22","Device:R","Resistor_SMD:R_0603_1608Metric_Pad0.98x0.95mm_HandSolder","~",""
"","","R10","91k","Device:R","Resistor_SMD:R_0603_1608Metric_Pad0.98x0.95mm_HandSolder","~",""
"","","R11","10k","Device:R","Resistor_SMD:R_0603_1608Metric_Pad0.98x0.95mm_HandSolder","~",""
"","","R12","47k","Device:R","Resistor_SMD:R_0603_1608Metric_Pad0.98x0.95mm_HandSolder","~",""
"","","R13","47k","Device:R","Resistor_SMD:R_0603_1608Metric_Pad0.98x0.95mm_HandSolder","~",""
"","","R14","330","Device:R","Resistor_SMD:R_0603_1608Metric_Pad0.98x0.95mm_HandSolder","~",""
"","","R15","330","Device:R","Resistor_SMD:R_0603_1608Metric_Pad0.98x0.95mm_HandSolder","~",""
"","","R16","22","stm32-rescue:R","Resistor_SMD:R_0603_1608Metric_Pad0.98x0.95mm_HandSolder","",""
"","","R17","22","stm32-rescue:R","Resistor_SMD:R_0603_1608Metric_Pad0.98x0.95mm_HandSolder","",""
"","","R18","120","stm32-rescue:R","Resistor_SMD:R_1210_3225Metric_Pad1.30x2.65mm_HandSolder","",""
"","","R19","4k7","Device:R","Resistor_SMD:R_0603_1608Metric_Pad0.98x0.95mm_HandSolder","~",""
"","","R20","4k7","Device:R","Resistor_SMD:R_0603_1608Metric_Pad0.98x0.95mm_HandSolder","~",""
"","","R21","100","Device:R","Resistor_SMD:R_0603_1608Metric_Pad0.98x0.95mm_HandSolder","~",""
"","","R22","100","Device:R","Resistor_SMD:R_0603_1608Metric_Pad0.98x0.95mm_HandSolder","~",""
"","","R23","100","Device:R","Resistor_SMD:R_0603_1608Metric_Pad0.98x0.95mm_HandSolder","~",""
"","","R24","22","Device:R","Resistor_SMD:R_0603_1608Metric_Pad0.98x0.95mm_HandSolder","~",""
"","","R25","22","Device:R","Resistor_SMD:R_0603_1608Metric_Pad0.98x0.95mm_HandSolder","~",""
"","","R26","100","Device:R","Resistor_SMD:R_0603_1608Metric_Pad0.98x0.95mm_HandSolder","~",""
"","","R27","100","Device:R","Resistor_SMD:R_0603_1608Metric_Pad0.98x0.95mm_HandSolder","~",""
"","","R28","100","Device:R","Resistor_SMD:R_0603_1608Metric_Pad0.98x0.95mm_HandSolder","~",""
"","","R29","100","Device:R","Resistor_SMD:R_0603_1608Metric_Pad0.98x0.95mm_HandSolder","~",""
"","","R30","100","Device:R","Resistor_SMD:R_0603_1608Metric_Pad0.98x0.95mm_HandSolder","~",""
"","","R31","100","Device:R","Resistor_SMD:R_0603_1608Metric_Pad0.98x0.95mm_HandSolder","~",""
"","","R32","100","Device:R","Resistor_SMD:R_0603_1608Metric_Pad0.98x0.95mm_HandSolder","~",""
"","","R33","1k5","stm32-rescue:R","Resistor_SMD:R_0603_1608Metric_Pad0.98x0.95mm_HandSolder","",""
"","","R34","7.5","Device:R","Resistor_SMD:R_0603_1608Metric_Pad0.98x0.95mm_HandSolder","~",""
"","","R35","10k","stm32-rescue:R","Resistor_SMD:R_0603_1608Metric_Pad0.98x0.95mm_HandSolder","",""
"","","R36","330","stm32-rescue:R","Resistor_SMD:R_0603_1608Metric_Pad0.98x0.95mm_HandSolder","",""
"","","RN1","330","Device:R_Pack04","Resistor_SMD:R_Array_Convex_4x0603","~",""
"","","RN2","330","Device:R_Pack04","Resistor_SMD:R_Array_Convex_4x0603","~",""
"","","RN3","330","Device:R_Pack04","Resistor_SMD:R_Array_Convex_4x0603","~",""
"","","RN4","330","Device:R_Pack04","Resistor_SMD:R_Array_Convex_4x0603","~",""
"","","RN5","330","Device:R_Pack04","Resistor_SMD:R_Array_Convex_4x0603","~",""
"","","RN6","330","Device:R_Pack04","Resistor_SMD:R_Array_Convex_4x0603","~",""
"","","RN7","330","Device:R_Pack04","Resistor_SMD:R_Array_Convex_4x0603","~",""
"","","RN8","330","Device:R_Pack04","Resistor_SMD:R_Array_Convex_4x0603","~",""
"","","RN9","330","Device:R_Pack04","Resistor_SMD:R_Array_Convex_4x0603","~",""
"","","RN10","330","Device:R_Pack04","Resistor_SMD:R_Array_Convex_4x0603","~",""
"","","RN11","330","Device:R_Pack04","Resistor_SMD:R_Array_Convex_4x0603","~",""
"","","RN12","330","Device:R_Pack04","Resistor_SMD:R_Array_Convex_4x0603","~",""
"","","RN13","330","Device:R_Pack04","Resistor_SMD:R_Array_Convex_4x0603","~",""
"","","RN14","330","Device:R_Pack04","Resistor_SMD:R_Array_Convex_4x0603","~",""
"","","RN15","330","Device:R_Pack04","Resistor_SMD:R_Array_Convex_4x0603","~",""
"","","SW1","Reset","Switch:SW_Push","Button_Switch_SMD:SW_SPST_FSMSM","~",""
"","","SW2","Boot","Switch:SW_Push","Button_Switch_SMD:SW_SPST_FSMSM","~",""
"","","SW3","SW_DIP_x01","Switch:SW_DIP_x01","Button_Switch_THT:SW_DIP_SPSTx01_Slide_6.7x4.1mm_W7.62mm_P2.54mm_LowProfile","~",""
"","","TP1","5Vusb","Connector:TestPoint","TestPoint:TestPoint_THTPad_1.5x1.5mm_Drill0.7mm","~",""
"","","TP2","Vin","Connector:TestPoint","TestPoint:TestPoint_THTPad_1.5x1.5mm_Drill0.7mm","~",""
"","","TP3","Gnd","Connector:TestPoint","TestPoint:TestPoint_THTPad_1.5x1.5mm_Drill0.7mm","~",""
"","","TP4","5Vext","Connector:TestPoint","TestPoint:TestPoint_THTPad_1.5x1.5mm_Drill0.7mm","~",""
"","","TP5","3.3V","Connector:TestPoint","TestPoint:TestPoint_THTPad_1.5x1.5mm_Drill0.7mm","~",""
"","","TP6","3V3ADC","Connector:TestPoint","TestPoint:TestPoint_THTPad_1.5x1.5mm_Drill0.7mm","~",""
"","","TP7","5V","Connector:TestPoint","TestPoint:TestPoint_THTPad_1.5x1.5mm_Drill0.7mm","~",""
"","","TP8","Vio","Connector:TestPoint","TestPoint:TestPoint_THTPad_1.5x1.5mm_Drill0.7mm","~",""
"","","U1","STM32F303VDTx","MCU_ST_STM32F3:STM32F303VDTx","Package_QFP:LQFP-100_14x14mm_P0.5mm","http://www.st.com/st-web-ui/static/active/en/resource/technical/document/datasheet/DM00118585.pdf",""
"","","U2","ISO1050DUB","Interface_CAN_LIN:ISO1050DUB","Package_SO:SOP-8_6.62x9.15mm_P2.54mm","http://www.ti.com/lit/ds/symlink/iso1050.pdf",""
"","","U3","USBLC6-2SC6","Power_Protection:USBLC6-2SC6","Package_TO_SOT_SMD:SOT-23-6","https://www.st.com/resource/en/datasheet/usblc6-2.pdf",""
"","","U4","LM4050A(b)EX3-3.3","Reference_Voltage:LM4040DBZ-3","Package_TO_SOT_SMD:SOT-323_SC-70_Handsoldering","http://www.ti.com/lit/ds/symlink/lm4040-n.pdf",""
"","","U5","LM2576-5.0","vreg:LM2576","Package_TO_SOT_THT:TO-220-5_P3.4x3.7mm_StaggerEven_Lead3.8mm_Vertical","","Texas Instruments"
"","","U6","LM1117-3.3","Regulator_Linear:LM1117-3.3","Package_TO_SOT_SMD:SOT-223-3_TabPin2","http://www.ti.com/lit/ds/symlink/lm1117.pdf",""
"","","U7","74HC4051","stm32-rescue:74HC4051","Package_SO:SOIC-16_3.9x9.9mm_P1.27mm","",""
"","","U8","LM1117-3.3","Regulator_Linear:LM1117-3.3","Package_TO_SOT_SMD:SOT-223-3_TabPin2","http://www.ti.com/lit/ds/symlink/lm1117.pdf",""
"","","XX1","stepper_module","stepper_module:stepper_module","stepper:stepper_module","",""
"","","XX2","stepper_module","stepper_module:stepper_module","stepper:stepper_module","",""
"","","XX3","stepper_module","stepper_module:stepper_module","stepper:stepper_module","",""
"","","XX4","stepper_module","stepper_module:stepper_module","stepper:stepper_module","",""
"","","XX5","stepper_module","stepper_module:stepper_module","stepper:stepper_module","",""
"","","XX6","stepper_module","stepper_module:stepper_module","stepper:stepper_module","",""
"","","XX7","stepper_module","stepper_module:stepper_module","stepper:stepper_module","",""
"","","XX8","stepper_module","stepper_module:stepper_module","stepper:stepper_module","",""
"","","Y1","NX5032GA-8MHz","Device:Crystal","Crystal:Crystal_SMD_5032-2Pin_5.0x3.2mm","~",""



"Collated Components:"

"Item","Qty","Reference(s)","Value","LibPart","Footprint","Datasheet","Manufacturer"
"1","2","C1, C4","6","stm32-rescue:C","Capacitor_SMD:C_0603_1608Metric_Pad1.08x0.95mm_HandSolder","",""
"2","12","C2, C3, C5, C6, C7, C8, C9, C13, C15, C18, C27, C29","0.1","stm32-rescue:C","Capacitor_SMD:C_0603_1608Metric_Pad1.08x0.95mm_HandSolder","~",""
"3","3","C10, C11, C12","1u","stm32-rescue:C","Capacitor_SMD:C_0603_1608Metric_Pad1.08x0.95mm_HandSolder","",""
"4","1","C14","47u 35V","Device:C_Polarized","Capacitor_Tantalum_SMD:CP_EIA-6032-28_Kemet-C_Pad2.25x2.35mm_HandSolder","~",""
"5","2","C16, C28","47u 6V","stm32-rescue:CP","Capacitor_Tantalum_SMD:CP_EIA-3216-18_Kemet-A_Pad1.58x1.35mm_HandSolder","",""
"6","1","C17","47u 10V","Device:C_Polarized","Capacitor_Tantalum_SMD:CP_EIA-6032-28_Kemet-C_Pad2.25x2.35mm_HandSolder","~",""
"7","8","C19, C20, C21, C22, C23, C24, C25, C26","100u 35V","Device:C_Polarized","Capacitor_THT:CP_Radial_D8.0mm_P3.50mm","~",""
"8","8","D1, D2, D3, D4, D5, D6, D7, D8","SP0505BAHT","Power_Protection:SP0505BAHT","Package_TO_SOT_SMD:SOT-23-6","http://www.littelfuse.com/~/media/files/littelfuse/technical%20resources/documents/data%20sheets/sp05xxba.pdf",""
"9","14","D9, D10, D11, D12, D13, D14, D15, D16, D17, D18, D19, D20, D21, D23","SS14","Device:D_Schottky","Diode_SMD:D_SOD-323_HandSoldering","~",""
"10","2","D22, D27","MBRS130L","Device:D_Schottky","Diode_SMD:D_SMB_Handsoldering","~",""
"11","1","D24","PESD1CAN","elements:PESD1CAN","Package_TO_SOT_SMD:SOT-23","",""
"12","1","D25","MM3Z7V5","Device:D_Zener","Diode_SMD:D_0805_2012Metric_Pad1.15x1.40mm_HandSolder","~",""
"13","1","D26","1N5822","Device:D","Diode_THT:D_DO-201_P3.81mm_Vertical_AnodeUp","~",""
"14","4","H1, H2, H3, H4","MountingHole","Mechanical:MountingHole","MountingHole:MountingHole_3.2mm_M3_DIN965_Pad","~",""
"15","1","J1","Prog","Connector:Conn_01x06_Female","Connector_PinSocket_1.27mm:PinSocket_1x06_P1.27mm_Vertical","~",""
"16","1","J2","Buttons/I2C","Connector_Generic:Conn_02x05_Odd_Even","Connector_IDC:IDC-Header_2x05_P2.54mm_Vertical","~",""
"17","1","J3","Screen","Connector_Generic:Conn_02x05_Odd_Even","Connector_IDC:IDC-Header_2x05_P2.54mm_Vertical","~",""
"18","1","J4","ADC2","Connector:Conn_01x04_Female","Connector_JST:JST_PH_B4B-PH-K_1x04_P2.00mm_Vertical","~",""
"19","1","J5","ADC1","Connector:Conn_01x04_Female","Connector_JST:JST_PH_B4B-PH-K_1x04_P2.00mm_Vertical","~",""
"20","1","J6","MOT_MUL","Connector:Conn_01x05_Male","Connector_JST:JST_PH_B5B-PH-K_1x05_P2.00mm_Vertical","~",""
"21","1","J7","GPIO","Connector:Conn_01x04_Female","Connector_JST:JST_PH_B4B-PH-K_1x04_P2.00mm_Vertical","~",""
"22","1","J8","USB_B","Connector:USB_B","Connector_USB:USB_B_OST_USB-B1HSxx_Horizontal"," ~",""
"23","1","J9","Screw_Terminal_01x03","Connector:Screw_Terminal_01x03","TerminalBlock_Phoenix:TerminalBlock_Phoenix_MKDS-1,5-3_1x03_P5.00mm_Horizontal","~",""
"24","1","J10","Screw_Terminal_01x02","Connector:Screw_Terminal_01x02","TerminalBlock_Phoenix:TerminalBlock_Phoenix_MKDS-1,5-2_1x02_P5.00mm_Horizontal","~",""
"25","8","J11, J14, J16, J18, J20, J22, J24, J26","LimS","Connector:Conn_01x04_Male","Connector_JST:JST_EH_B4B-EH-A_1x04_P2.50mm_Vertical","~",""
"26","8","J12, J15, J17, J19, J21, J23, J25, J27","Stepper","Connector:Conn_01x04_Male","Connector_JST:JST_EH_B4B-EH-A_1x04_P2.50mm_Vertical","~",""
"27","1","J13","UART","Connector:Conn_01x03_Male","Connector_JST:JST_PH_B3B-PH-K_1x03_P2.00mm_Vertical","~",""
"28","1","JP1","CAN","Jumper:SolderJumper_2_Bridged","Jumper:SolderJumper-2_P1.3mm_Open_TrianglePad1.0x1.5mm","~",""
"29","1","JP2","USB5V","Jumper:SolderJumper_2_Bridged","Jumper:SolderJumper-2_P1.3mm_Open_TrianglePad1.0x1.5mm","~",""
"30","1","JP3","MCU","Jumper:SolderJumper_2_Bridged","Jumper:SolderJumper-2_P1.3mm_Open_TrianglePad1.0x1.5mm","~",""
"31","1","JP4","3V3ADC","Jumper:SolderJumper_2_Bridged","Jumper:SolderJumper-2_P1.3mm_Open_TrianglePad1.0x1.5mm","~",""
"32","1","JP5","3V3","Jumper:SolderJumper_2_Bridged","Jumper:SolderJumper-2_P1.3mm_Open_TrianglePad1.0x1.5mm","~",""
"33","1","JP6","Vdrive","Jumper:SolderJumper_2_Bridged","Jumper:SolderJumper-2_P1.3mm_Open_TrianglePad1.0x1.5mm","~",""
"34","1","JP7","Vio","Jumper:SolderJumper_2_Bridged","Jumper:SolderJumper-2_P1.3mm_Open_TrianglePad1.0x1.5mm","~",""
"35","40","JP8, JP9, JP10, JP11, JP12, JP16, JP17, JP18, JP19, JP20, JP24, JP25, JP26, JP27, JP28, JP32, JP33, JP34, JP35, JP36, JP40, JP41, JP42, JP43, JP44, JP48, JP49, JP50, JP51, JP52, JP56, JP57, JP58, JP59, JP60, JP64, JP65, JP66, JP67, JP68","SolderJumper_3_Open","Jumper:SolderJumper_3_Open","Jumper:SolderJumper-3_P2.0mm_Open_TrianglePad1.0x1.5mm","~",""
"36","24","JP13, JP14, JP15, JP21, JP22, JP23, JP29, JP30, JP31, JP37, JP38, JP39, JP45, JP46, JP47, JP53, JP54, JP55, JP61, JP62, JP63, JP69, JP70, JP71","SolderJumper_2_Bridged","Jumper:SolderJumper_2_Open","Jumper:SolderJumper-2_P1.3mm_Open_TrianglePad1.0x1.5mm","~",""
"37","1","L1","100u","Device:L","Inductor_THT:L_Toroid_Horizontal_D6.5mm_P10.00mm_Diameter7-5mm_Amidon-T25","~",""
"38","1","Q1","B0505S","elements:B0505S","stepper:B0x0xS","",""
"39","1","Q2","IRF9310","elements:IRF9310","Package_SO:SO-8_3.9x4.9mm_P1.27mm","~",""
"40","1","Q3","AO3401","Device:Q_PMOS_GSD","Package_TO_SOT_SMD:SOT-23_Handsoldering","~",""
"41","3","R1, R11, R35","10k","stm32-rescue:R","Resistor_SMD:R_0603_1608Metric_Pad0.98x0.95mm_HandSolder","~",""
"42","6","R2, R9, R16, R17, R24, R25","22","Device:R","Resistor_SMD:R_0603_1608Metric_Pad0.98x0.95mm_HandSolder","~",""
"43","3","R3, R4, R34","7.5","Device:R","Resistor_SMD:R_0603_1608Metric_Pad0.98x0.95mm_HandSolder","~",""
"44","1","R5","5.1","Device:R","Resistor_SMD:R_0603_1608Metric_Pad0.98x0.95mm_HandSolder","~",""
"45","6","R6, R7, R8, R14, R15, R36","330","stm32-rescue:R","Resistor_SMD:R_0603_1608Metric_Pad0.98x0.95mm_HandSolder","~",""
"46","1","R10","91k","Device:R","Resistor_SMD:R_0603_1608Metric_Pad0.98x0.95mm_HandSolder","~",""
"47","2","R12, R13","47k","Device:R","Resistor_SMD:R_0603_1608Metric_Pad0.98x0.95mm_HandSolder","~",""
"48","1","R18","120","stm32-rescue:R","Resistor_SMD:R_1210_3225Metric_Pad1.30x2.65mm_HandSolder","",""
"49","2","R19, R20","4k7","Device:R","Resistor_SMD:R_0603_1608Metric_Pad0.98x0.95mm_HandSolder","~",""
"50","10","R21, R22, R23, R26, R27, R28, R29, R30, R31, R32","100","Device:R","Resistor_SMD:R_0603_1608Metric_Pad0.98x0.95mm_HandSolder","~",""
"51","1","R33","1k5","stm32-rescue:R","Resistor_SMD:R_0603_1608Metric_Pad0.98x0.95mm_HandSolder","",""
"52","15","RN1, RN2, RN3, RN4, RN5, RN6, RN7, RN8, RN9, RN10, RN11, RN12, RN13, RN14, RN15","330","Device:R_Pack04","Resistor_SMD:R_Array_Convex_4x0603","~",""
"53","1","SW1","Reset","Switch:SW_Push","Button_Switch_SMD:SW_SPST_FSMSM","~",""
"54","1","SW2","Boot","Switch:SW_Push","Button_Switch_SMD:SW_SPST_FSMSM","~",""
"55","1","SW3","SW_DIP_x01","Switch:SW_DIP_x01","Button_Switch_THT:SW_DIP_SPSTx01_Slide_6.7x4.1mm_W7.62mm_P2.54mm_LowProfile","~",""
"56","1","TP1","5Vusb","Connector:TestPoint","TestPoint:TestPoint_THTPad_1.5x1.5mm_Drill0.7mm","~",""
"57","1","TP2","Vin","Connector:TestPoint","TestPoint:TestPoint_THTPad_1.5x1.5mm_Drill0.7mm","~",""
"58","1","TP3","Gnd","Connector:TestPoint","TestPoint:TestPoint_THTPad_1.5x1.5mm_Drill0.7mm","~",""
"59","1","TP4","5Vext","Connector:TestPoint","TestPoint:TestPoint_THTPad_1.5x1.5mm_Drill0.7mm","~",""
"60","1","TP5","3.3V","Connector:TestPoint","TestPoint:TestPoint_THTPad_1.5x1.5mm_Drill0.7mm","~",""
"61","1","TP6","3V3ADC","Connector:TestPoint","TestPoint:TestPoint_THTPad_1.5x1.5mm_Drill0.7mm","~",""
"62","1","TP7","5V","Connector:TestPoint","TestPoint:TestPoint_THTPad_1.5x1.5mm_Drill0.7mm","~",""
"63","1","TP8","Vio","Connector:TestPoint","TestPoint:TestPoint_THTPad_1.5x1.5mm_Drill0.7mm","~",""
"64","1","U1","STM32F303VDTx","MCU_ST_STM32F3:STM32F303VDTx","Package_QFP:LQFP-100_14x14mm_P0.5mm","http://www.st.com/st-web-ui/static/active/en/resource/technical/document/datasheet/DM00118585.pdf",""
"65","1","U2","ISO1050DUB","Interface_CAN_LIN:ISO1050DUB","Package_SO:SOP-8_6.62x9.15mm_P2.54mm","http://www.ti.com/lit/ds/symlink/iso1050.pdf",""
"66","1","U3","USBLC6-2SC6","Power_Protection:USBLC6-2SC6","Package_TO_SOT_SMD:SOT-23-6","https://www.st.com/resource/en/datasheet/usblc6-2.pdf",""
"67","1","U4","LM4050A(b)EX3-3.3","Reference_Voltage:LM4040DBZ-3","Package_TO_SOT_SMD:SOT-323_SC-70_Handsoldering","http://www.ti.com/lit/ds/symlink/lm4040-n.pdf",""
"68","1","U5","LM2576-5.0","vreg:LM2576","Package_TO_SOT_THT:TO-220-5_P3.4x3.7mm_StaggerEven_Lead3.8mm_Vertical","","Texas Instruments"
"69","2","U6, U8","LM1117-3.3","Regulator_Linear:LM1117-3.3","Package_TO_SOT_SMD:SOT-223-3_TabPin2","http://www.ti.com/lit/ds/symlink/lm1117.pdf",""
"70","1","U7","74HC4051","stm32-rescue:74HC4051","Package_SO:SOIC-16_3.9x9.9mm_P1.27mm","",""
"71","8","XX1, XX2, XX3, XX4, XX5, XX6, XX7, XX8","stepper_module","stepper_module:stepper_module","stepper:stepper_module","",""
"72","1","Y1","NX5032GA-8MHz","Device:Crystal","Crystal:Crystal_SMD_5032-2Pin_5.0x3.2mm","~",""
