"Source:","/home/eddy/Docs/SAO/ELECTRONICS/STM32/F1-srcs/chronometer/kicad/chrono/chrono.sch"
"Date:","÷Ô 09 ÉÀÌ 2019 08:40:12"
"Tool:","Eeschema (6.0.0-rc1-dev-1613-ga55d9819b)"
"Generator:","/usr/local/share/kicad/plugins/bom_csv_grouped_by_value.py"
"Component Count:","68"

"Individual Components:"

"Item","Qty","Reference(s)","Value","LibPart","Footprint","Datasheet","Manufacturer"
"","","BZ1","Buzzer","Device:Buzzer","Buzzer_Beeper:Buzzer_12x9.5RM7.6","~",""
"","","C1","0.1","stm32-rescue:C","Capacitor_SMD:C_0603_1608Metric_Pad1.05x0.95mm_HandSolder","",""
"","","C2","0.1","stm32-rescue:C","Capacitor_SMD:C_0603_1608Metric_Pad1.05x0.95mm_HandSolder","",""
"","","C3","0.1","stm32-rescue:C","Capacitor_SMD:C_0603_1608Metric_Pad1.05x0.95mm_HandSolder","",""
"","","C4","47u","stm32-rescue:CP","Capacitor_Tantalum_SMD:CP_EIA-3216-18_Kemet-A_Pad1.58x1.35mm_HandSolder","",""
"","","C5","10u","Device:C","Capacitor_SMD:C_1206_3216Metric_Pad1.42x1.75mm_HandSolder","~",""
"","","C6","100u","stm32-rescue:CP","Capacitor_THT:CP_Radial_D8.0mm_P3.50mm","",""
"","","C7","0.1","stm32-rescue:C","Capacitor_SMD:C_0603_1608Metric_Pad1.05x0.95mm_HandSolder","",""
"","","C8","0.1","stm32-rescue:C","Capacitor_SMD:C_0603_1608Metric_Pad1.05x0.95mm_HandSolder","",""
"","","C9","47u","stm32-rescue:CP","Capacitor_Tantalum_SMD:CP_EIA-3216-18_Kemet-A_Pad1.58x1.35mm_HandSolder","",""
"","","C10","12","stm32-rescue:C","Capacitor_SMD:C_0603_1608Metric_Pad1.05x0.95mm_HandSolder","",""
"","","C11","12","stm32-rescue:C","Capacitor_SMD:C_0603_1608Metric_Pad1.05x0.95mm_HandSolder","",""
"","","C12","0.1","stm32-rescue:C","Capacitor_SMD:C_0603_1608Metric_Pad1.05x0.95mm_HandSolder","",""
"","","C13","0.1","stm32-rescue:C","Capacitor_SMD:C_0603_1608Metric_Pad1.05x0.95mm_HandSolder","",""
"","","C14","0.1","stm32-rescue:C","Capacitor_SMD:C_0603_1608Metric_Pad1.05x0.95mm_HandSolder","",""
"","","C15","0.1","stm32-rescue:C","Capacitor_SMD:C_0603_1608Metric_Pad1.05x0.95mm_HandSolder","",""
"","","D1","MM3Z7V5","Device:D_Zener","Diode_SMD:D_0805_2012Metric_Pad1.15x1.40mm_HandSolder","~",""
"","","D2","SS14","Device:D_Schottky","Diode_SMD:D_SMA_Handsoldering","~",""
"","","D3","1n5822","stm32-rescue:D","Diode_THT:D_DO-201_P12.70mm_Horizontal","",""
"","","D4","LED0","stm32-rescue:LED-RESCUE-stm32","LED_THT:LED_D5.0mm","",""
"","","D5","LED1","stm32-rescue:LED-RESCUE-stm32","LED_THT:LED_D5.0mm","",""
"","","J1","Power 12V","Connector_Generic:Conn_01x02","TerminalBlock_Phoenix:TerminalBlock_Phoenix_MKDS-1,5-2-5.08_1x02_P5.08mm_Horizontal","~",""
"","","J2","+5Vout","Connector_Generic:Conn_01x02","TerminalBlock_Phoenix:TerminalBlock_Phoenix_MKDS-1,5-2-5.08_1x02_P5.08mm_Horizontal","~",""
"","","J3","Ext_trig0","Connector_Generic:Conn_01x02","TerminalBlock_Phoenix:TerminalBlock_Phoenix_MKDS-1,5-2-5.08_1x02_P5.08mm_Horizontal","~",""
"","","J4","LIDAR","Connector:Conn_01x04_Female","Connector_PinSocket_2.54mm:PinSocket_1x04_P2.54mm_Vertical","~",""
"","","J5","Ext_trig1","Connector_Generic:Conn_01x02","TerminalBlock_Phoenix:TerminalBlock_Phoenix_MKDS-1,5-2-5.08_1x02_P5.08mm_Horizontal","~",""
"","","J6","Ext_trig2","Connector_Generic:Conn_01x02","TerminalBlock_Phoenix:TerminalBlock_Phoenix_MKDS-1,5-2-5.08_1x02_P5.08mm_Horizontal","~",""
"","","J7","USART1","Connector:Conn_01x03_Female","Connector_PinSocket_2.54mm:PinSocket_1x03_P2.54mm_Vertical","~",""
"","","J8","SPI","Connector:Conn_01x05_Female","Connector_PinSocket_2.54mm:PinSocket_1x05_P2.54mm_Vertical","~",""
"","","J9","I2C1","Connector:Conn_01x04_Female","Connector_PinSocket_2.54mm:PinSocket_1x04_P2.54mm_Vertical","~",""
"","","L1","100u","stm32-rescue:L","Inductor_SMD:L_12x12mm_H4.5mm","",""
"","","P1","USB_B","stm32-rescue:USB_A-RESCUE-stm32","Connectors_USB:USB_B_OST_USB-B1HSxx_Horizontal","",""
"","","Q1","AO3407","stm32-rescue:Q_PMOS_GSD","TO_SOT_Packages_SMD:SOT-23_Handsoldering","",""
"","","Q2","DTA114Y","Transistor_BJT:DTA114Y","TO_SOT_Packages_SMD:SOT-323_SC-70_Handsoldering","",""
"","","Q3","Q_NMOS_GSD","Device:Q_NMOS_GSD","Package_TO_SOT_SMD:SOT-23","~",""
"","","R1","10k","stm32-rescue:R","Resistor_SMD:R_0603_1608Metric_Pad1.05x0.95mm_HandSolder","",""
"","","R2","510","Device:R","Resistor_SMD:R_0603_1608Metric_Pad1.05x0.95mm_HandSolder","~",""
"","","R3","22","stm32-rescue:R","Resistor_SMD:R_0603_1608Metric_Pad1.05x0.95mm_HandSolder","",""
"","","R4","22","stm32-rescue:R","Resistor_SMD:R_0603_1608Metric_Pad1.05x0.95mm_HandSolder","",""
"","","R5","10k","stm32-rescue:R","Resistor_SMD:R_0603_1608Metric_Pad1.05x0.95mm_HandSolder","",""
"","","R6","1k5","stm32-rescue:R","Resistor_SMD:R_0603_1608Metric_Pad1.05x0.95mm_HandSolder","",""
"","","R7","22","Device:R","Resistor_SMD:R_0603_1608Metric_Pad1.05x0.95mm_HandSolder","~",""
"","","R8","330","stm32-rescue:R","Resistor_SMD:R_0603_1608Metric_Pad1.05x0.95mm_HandSolder","",""
"","","R9","330","stm32-rescue:R","Resistor_SMD:R_0603_1608Metric_Pad1.05x0.95mm_HandSolder","",""
"","","R10","330","Device:R","Resistor_SMD:R_0805_2012Metric_Pad1.15x1.40mm_HandSolder","~",""
"","","R11","4k7","Device:R","Resistor_SMD:R_0805_2012Metric_Pad1.15x1.40mm_HandSolder","~",""
"","","R12","4k7","Device:R","Resistor_SMD:R_0805_2012Metric_Pad1.15x1.40mm_HandSolder","~",""
"","","R13","100k","stm32-rescue:R","Resistor_SMD:R_0603_1608Metric_Pad1.05x0.95mm_HandSolder","",""
"","","R14","330","Device:R","Resistor_SMD:R_0805_2012Metric_Pad1.15x1.40mm_HandSolder","~",""
"","","R15","4k7","Device:R","Resistor_SMD:R_0805_2012Metric_Pad1.15x1.40mm_HandSolder","~",""
"","","R16","4k7","Device:R","Resistor_SMD:R_0805_2012Metric_Pad1.15x1.40mm_HandSolder","~",""
"","","R17","2k2","Device:R","Resistor_SMD:R_0805_2012Metric_Pad1.15x1.40mm_HandSolder","~",""
"","","R18","100k","stm32-rescue:R","Resistor_SMD:R_0603_1608Metric_Pad1.05x0.95mm_HandSolder","",""
"","","R19","4k7","Device:R","Resistor_SMD:R_0805_2012Metric_Pad1.15x1.40mm_HandSolder","~",""
"","","R20","4k7","Device:R","Resistor_SMD:R_0805_2012Metric_Pad1.15x1.40mm_HandSolder","~",""
"","","R21","10k","Device:R","Resistor_SMD:R_0603_1608Metric_Pad1.05x0.95mm_HandSolder","~",""
"","","RV1","R_POT","Device:R_POT","Potentiometer_THT:Potentiometer_Bourns_3296W_Vertical","~",""
"","","SW1","Reset","Switch:SW_Push","Buttons_Switches_SMD:SW_SPST_FSMSM","",""
"","","SW2","Boot","Switch:SW_Push","Buttons_Switches_SMD:SW_SPST_FSMSM","",""
"","","U1","USBLC6-2SC6","Power_Protection:USBLC6-2SC6","TO_SOT_Packages_SMD:SOT-23-6_Handsoldering","http://www2.st.com/resource/en/datasheet/CD00050750.pdf",""
"","","U2","LM2576ADJ","stm32-rescue:LM2576HV","TO_SOT_Packages_THT:TO-220-5_P3.4x3.7mm_StaggerEven_Lead3.8mm_Vertical","","Texas Instruments"
"","","U3","L80-R","Chrono:L80-R","chrono:L80-R","",""
"","","U4","LM1117-3.3","stm32-rescue:LM1117-3.3-RESCUE-stm32","TO_SOT_Packages_SMD:SOT-223","",""
"","","U5","PC817","Isolator:PC817","Package_DIP:DIP-4_W7.62mm","http://www.soselectronic.cz/a_info/resource/d/pc817.pdf",""
"","","U6","PC817","Isolator:PC817","Package_DIP:DIP-4_W7.62mm","http://www.soselectronic.cz/a_info/resource/d/pc817.pdf",""
"","","U7","STM32F103C6Tx","MCU_ST_STM32F1:STM32F103C6Tx","Package_QFP:LQFP-48_7x7mm_P0.5mm","http://www.st.com/st-web-ui/static/active/en/resource/technical/document/datasheet/CD00210843.pdf",""
"","","U8","PC817","Isolator:PC817","Package_DIP:DIP-4_W7.62mm","http://www.soselectronic.cz/a_info/resource/d/pc817.pdf",""
"","","Y1","8MHz","Device:Crystal","Crystal:Crystal_HC49-U_Vertical","~",""



"Collated Components:"

"Item","Qty","Reference(s)","Value","LibPart","Footprint","Datasheet","Manufacturer"
"1","1","BZ1","Buzzer","Device:Buzzer","Buzzer_Beeper:Buzzer_12x9.5RM7.6","~",""
"2","9","C1, C2, C3, C7, C8, C12, C13, C14, C15","0.1","stm32-rescue:C","Capacitor_SMD:C_0603_1608Metric_Pad1.05x0.95mm_HandSolder","",""
"3","2","C4, C9","47u","stm32-rescue:CP","Capacitor_Tantalum_SMD:CP_EIA-3216-18_Kemet-A_Pad1.58x1.35mm_HandSolder","",""
"4","1","C5","10u","Device:C","Capacitor_SMD:C_1206_3216Metric_Pad1.42x1.75mm_HandSolder","~",""
"5","1","C6","100u","stm32-rescue:CP","Capacitor_THT:CP_Radial_D8.0mm_P3.50mm","",""
"6","2","C10, C11","12","stm32-rescue:C","Capacitor_SMD:C_0603_1608Metric_Pad1.05x0.95mm_HandSolder","",""
"7","1","D1","MM3Z7V5","Device:D_Zener","Diode_SMD:D_0805_2012Metric_Pad1.15x1.40mm_HandSolder","~",""
"8","1","D2","SS14","Device:D_Schottky","Diode_SMD:D_SMA_Handsoldering","~",""
"9","1","D3","1n5822","stm32-rescue:D","Diode_THT:D_DO-201_P12.70mm_Horizontal","",""
"10","1","D4","LED0","stm32-rescue:LED-RESCUE-stm32","LED_THT:LED_D5.0mm","",""
"11","1","D5","LED1","stm32-rescue:LED-RESCUE-stm32","LED_THT:LED_D5.0mm","",""
"12","1","J1","Power 12V","Connector_Generic:Conn_01x02","TerminalBlock_Phoenix:TerminalBlock_Phoenix_MKDS-1,5-2-5.08_1x02_P5.08mm_Horizontal","~",""
"13","1","J2","+5Vout","Connector_Generic:Conn_01x02","TerminalBlock_Phoenix:TerminalBlock_Phoenix_MKDS-1,5-2-5.08_1x02_P5.08mm_Horizontal","~",""
"14","1","J3","Ext_trig0","Connector_Generic:Conn_01x02","TerminalBlock_Phoenix:TerminalBlock_Phoenix_MKDS-1,5-2-5.08_1x02_P5.08mm_Horizontal","~",""
"15","1","J4","LIDAR","Connector:Conn_01x04_Female","Connector_PinSocket_2.54mm:PinSocket_1x04_P2.54mm_Vertical","~",""
"16","1","J5","Ext_trig1","Connector_Generic:Conn_01x02","TerminalBlock_Phoenix:TerminalBlock_Phoenix_MKDS-1,5-2-5.08_1x02_P5.08mm_Horizontal","~",""
"17","1","J6","Ext_trig2","Connector_Generic:Conn_01x02","TerminalBlock_Phoenix:TerminalBlock_Phoenix_MKDS-1,5-2-5.08_1x02_P5.08mm_Horizontal","~",""
"18","1","J7","USART1","Connector:Conn_01x03_Female","Connector_PinSocket_2.54mm:PinSocket_1x03_P2.54mm_Vertical","~",""
"19","1","J8","SPI","Connector:Conn_01x05_Female","Connector_PinSocket_2.54mm:PinSocket_1x05_P2.54mm_Vertical","~",""
"20","1","J9","I2C1","Connector:Conn_01x04_Female","Connector_PinSocket_2.54mm:PinSocket_1x04_P2.54mm_Vertical","~",""
"21","1","L1","100u","stm32-rescue:L","Inductor_SMD:L_12x12mm_H4.5mm","",""
"22","1","P1","USB_B","stm32-rescue:USB_A-RESCUE-stm32","Connectors_USB:USB_B_OST_USB-B1HSxx_Horizontal","",""
"23","1","Q1","AO3407","stm32-rescue:Q_PMOS_GSD","TO_SOT_Packages_SMD:SOT-23_Handsoldering","",""
"24","1","Q2","DTA114Y","Transistor_BJT:DTA114Y","TO_SOT_Packages_SMD:SOT-323_SC-70_Handsoldering","",""
"25","1","Q3","Q_NMOS_GSD","Device:Q_NMOS_GSD","Package_TO_SOT_SMD:SOT-23","~",""
"26","3","R1, R5, R21","10k","Device:R","Resistor_SMD:R_0603_1608Metric_Pad1.05x0.95mm_HandSolder","~",""
"27","1","R2","510","Device:R","Resistor_SMD:R_0603_1608Metric_Pad1.05x0.95mm_HandSolder","~",""
"28","3","R3, R4, R7","22","Device:R","Resistor_SMD:R_0603_1608Metric_Pad1.05x0.95mm_HandSolder","~",""
"29","1","R6","1k5","stm32-rescue:R","Resistor_SMD:R_0603_1608Metric_Pad1.05x0.95mm_HandSolder","",""
"30","2","R8, R9","330","stm32-rescue:R","Resistor_SMD:R_0603_1608Metric_Pad1.05x0.95mm_HandSolder","",""
"31","2","R10, R14","330","Device:R","Resistor_SMD:R_0805_2012Metric_Pad1.15x1.40mm_HandSolder","~",""
"32","6","R11, R12, R15, R16, R19, R20","4k7","Device:R","Resistor_SMD:R_0805_2012Metric_Pad1.15x1.40mm_HandSolder","~",""
"33","2","R13, R18","100k","stm32-rescue:R","Resistor_SMD:R_0603_1608Metric_Pad1.05x0.95mm_HandSolder","",""
"34","1","R17","2k2","Device:R","Resistor_SMD:R_0805_2012Metric_Pad1.15x1.40mm_HandSolder","~",""
"35","1","RV1","R_POT","Device:R_POT","Potentiometer_THT:Potentiometer_Bourns_3296W_Vertical","~",""
"36","1","SW1","Reset","Switch:SW_Push","Buttons_Switches_SMD:SW_SPST_FSMSM","",""
"37","1","SW2","Boot","Switch:SW_Push","Buttons_Switches_SMD:SW_SPST_FSMSM","",""
"38","1","U1","USBLC6-2SC6","Power_Protection:USBLC6-2SC6","TO_SOT_Packages_SMD:SOT-23-6_Handsoldering","http://www2.st.com/resource/en/datasheet/CD00050750.pdf",""
"39","1","U2","LM2576ADJ","stm32-rescue:LM2576HV","TO_SOT_Packages_THT:TO-220-5_P3.4x3.7mm_StaggerEven_Lead3.8mm_Vertical","","Texas Instruments"
"40","1","U3","L80-R","Chrono:L80-R","chrono:L80-R","",""
"41","1","U4","LM1117-3.3","stm32-rescue:LM1117-3.3-RESCUE-stm32","TO_SOT_Packages_SMD:SOT-223","",""
"42","3","U5, U6, U8","PC817","Isolator:PC817","Package_DIP:DIP-4_W7.62mm","http://www.soselectronic.cz/a_info/resource/d/pc817.pdf",""
"43","1","U7","STM32F103C6Tx","MCU_ST_STM32F1:STM32F103C6Tx","Package_QFP:LQFP-48_7x7mm_P0.5mm","http://www.st.com/st-web-ui/static/active/en/resource/technical/document/datasheet/CD00210843.pdf",""
"44","1","Y1","8MHz","Device:Crystal","Crystal:Crystal_HC49-U_Vertical","~",""
