"Source:","/home/eddy/Docs/SAO/ELECTRONICS/STM32/F3-srcs/NitrogenFlooding/kicad/nitrogen/nitrogen.kicad_sch"
"Date:","Чт 12 янв 2023 12:31:38"
"Tool:","Eeschema 6.0.10"
"Generator:","/usr/local/share/kicad/plugins/bom_csv_grouped_by_value.py"
"Component Count:","140"

"Individual Components:"

"Item","Qty","Reference(s)","Value","LibPart","Footprint","Datasheet"
"","","C1","1u","Device:C","Capacitor_SMD:C_0603_1608Metric_Pad1.08x0.95mm_HandSolder","~"
"","","C2","6","Device:C","Capacitor_SMD:C_0603_1608Metric_Pad1.08x0.95mm_HandSolder","~"
"","","C3","6","Device:C","Capacitor_SMD:C_0603_1608Metric_Pad1.08x0.95mm_HandSolder","~"
"","","C4","1u","Device:C","Capacitor_SMD:C_0603_1608Metric_Pad1.08x0.95mm_HandSolder","~"
"","","C5","0.1","Device:C","Capacitor_SMD:C_0603_1608Metric_Pad1.08x0.95mm_HandSolder","~"
"","","C6","0.1","Device:C","Capacitor_SMD:C_0603_1608Metric_Pad1.08x0.95mm_HandSolder","~"
"","","C7","0.1","Device:C","Capacitor_SMD:C_0603_1608Metric_Pad1.08x0.95mm_HandSolder","~"
"","","C8","0.1","Device:C","Capacitor_SMD:C_0603_1608Metric_Pad1.08x0.95mm_HandSolder","~"
"","","C9","1u","Device:C","Capacitor_SMD:C_0603_1608Metric_Pad1.08x0.95mm_HandSolder","~"
"","","C10","0.1","Device:C","Capacitor_SMD:C_0603_1608Metric_Pad1.08x0.95mm_HandSolder","~"
"","","C11","0.1","Device:C","Capacitor_SMD:C_0603_1608Metric_Pad1.08x0.95mm_HandSolder","~"
"","","C12","1u","Device:C","Capacitor_SMD:C_0603_1608Metric_Pad1.08x0.95mm_HandSolder","~"
"","","C13","0.1","Device:C","Capacitor_SMD:C_0603_1608Metric_Pad1.08x0.95mm_HandSolder","~"
"","","C14","0.1","Device:C","Capacitor_SMD:C_0603_1608Metric_Pad1.08x0.95mm_HandSolder","~"
"","","C15","47u 35V","Device:C_Polarized","Capacitor_Tantalum_SMD:CP_EIA-6032-28_Kemet-C_Pad2.25x2.35mm_HandSolder","~"
"","","C16","0.1","Device:C","Capacitor_SMD:C_0603_1608Metric_Pad1.08x0.95mm_HandSolder","~"
"","","C17","47u 6V","Device:C_Polarized","Capacitor_Tantalum_SMD:CP_EIA-3216-18_Kemet-A_Pad1.58x1.35mm_HandSolder","~"
"","","C18","47u 10V","Device:C_Polarized","Capacitor_Tantalum_SMD:CP_EIA-6032-28_Kemet-C_Pad2.25x2.35mm_HandSolder","~"
"","","C19","0.1","Device:C","Capacitor_SMD:C_0603_1608Metric_Pad1.08x0.95mm_HandSolder","~"
"","","C20","0.1","Device:C","Capacitor_SMD:C_0603_1608Metric_Pad1.08x0.95mm_HandSolder","~"
"","","C21","47u 6V","Device:C_Polarized","Capacitor_Tantalum_SMD:CP_EIA-3216-18_Kemet-A_Pad1.58x1.35mm_HandSolder","~"
"","","C22","0.1","Device:C","Capacitor_SMD:C_0603_1608Metric_Pad1.08x0.95mm_HandSolder","~"
"","","D1","SS14","Device:D","Diode_SMD:D_SMA_Handsoldering","~"
"","","D2","SS14","Device:D","Diode_SMD:D_SMA_Handsoldering","~"
"","","D3","SS14","Device:D","Diode_SMD:D_SMA_Handsoldering","~"
"","","D4","SS14","Device:D","Diode_SMD:D_SMA_Handsoldering","~"
"","","D5","MBRS130L","Device:D_Schottky","Diode_SMD:D_SMB_Handsoldering","~"
"","","D6","PESD1CAN","elements:PESD1CAN","Package_TO_SOT_SMD:SOT-23",""
"","","D7","PESD1CAN","elements:PESD1CAN","Package_TO_SOT_SMD:SOT-23",""
"","","D8","CESD3v3","Device:D","Diode_SMD:D_SOD-523","~"
"","","D9","SP0505BAHT","Power_Protection:SP0505BAHT","Package_TO_SOT_SMD:SOT-23-6","http://www.littelfuse.com/~/media/files/littelfuse/technical%20resources/documents/data%20sheets/sp05xxba.pdf"
"","","D10","SP0505BAHT","Power_Protection:SP0505BAHT","Package_TO_SOT_SMD:SOT-23-6","http://www.littelfuse.com/~/media/files/littelfuse/technical%20resources/documents/data%20sheets/sp05xxba.pdf"
"","","D11","MM3Z7V5","Device:D_Zener","Diode_SMD:D_0805_2012Metric_Pad1.15x1.40mm_HandSolder","~"
"","","D12","1N5822","Device:D","Diode_THT:D_DO-201_P3.81mm_Vertical_AnodeUp","~"
"","","D13","SP0505BAHT","Power_Protection:SP0505BAHT","Package_TO_SOT_SMD:SOT-23-6","http://www.littelfuse.com/~/media/files/littelfuse/technical%20resources/documents/data%20sheets/sp05xxba.pdf"
"","","H1","MountingHole","Mechanical:MountingHole","MountingHole:MountingHole_3.2mm_M3_DIN965_Pad","~"
"","","H2","MountingHole","Mechanical:MountingHole","MountingHole:MountingHole_3.2mm_M3_DIN965_Pad","~"
"","","H3","MountingHole","Mechanical:MountingHole","MountingHole:MountingHole_3.2mm_M3_DIN965_Pad","~"
"","","H4","MountingHole","Mechanical:MountingHole","MountingHole:MountingHole_3.2mm_M3_DIN965_Pad","~"
"","","J1","ADC8,9","Connector_Generic:Conn_01x03","Connector_JST:JST_EH_B3B-EH-A_1x03_P2.50mm_Vertical","~"
"","","J2","Screw_Terminal_01x02","Connector:Screw_Terminal_01x02","TerminalBlock_Phoenix:TerminalBlock_Phoenix_MKDS-1,5-2_1x02_P5.00mm_Horizontal","~"
"","","J3","Screw_Terminal_01x02","Connector:Screw_Terminal_01x02","TerminalBlock_Phoenix:TerminalBlock_Phoenix_MKDS-1,5-2_1x02_P5.00mm_Horizontal","~"
"","","J4","IDC2.54_02x05","Connector_Generic:Conn_02x05_Odd_Even","Connector_IDC:IDC-Header_2x05_P2.54mm_Vertical","~"
"","","J5","Power","Connector_Generic:Conn_01x03","Connector_JST:JST_EH_B3B-EH-A_1x03_P2.50mm_Vertical","~"
"","","J6","ADCext","Connector:Conn_01x04_Male","Connector_JST:JST_EH_B4B-EH-A_1x04_P2.50mm_Vertical","~"
"","","J7","Prog","Connector:Conn_01x06_Female","Connector_PinSocket_1.27mm:PinSocket_1x06_P1.27mm_Vertical","~"
"","","J8","USB_B","Connector:USB_B","Connector_USB:USB_B_OST_USB-B1HSxx_Horizontal"," ~"
"","","J9","485/CAN","Connector_Generic:Conn_01x05","Connector_JST:JST_EH_B5B-EH-A_1x05_P2.50mm_Vertical","~"
"","","J10","IDC2.54_02x05","Connector_Generic:Conn_02x05_Odd_Even","Connector_IDC:IDC-Header_2x05_P2.54mm_Vertical","~"
"","","J11","IDC2.54_02x05","Connector_Generic:Conn_02x05_Counter_Clockwise","Connector_IDC:IDC-Header_2x05_P2.54mm_Vertical","~"
"","","J12","Power","Connector_Generic:Conn_01x03","Connector_JST:JST_EH_B3B-EH-A_1x03_P2.50mm_Vertical","~"
"","","J13","Screw_Terminal_01x02","Connector:Screw_Terminal_01x02","TerminalBlock_Phoenix:TerminalBlock_Phoenix_MKDS-1,5-2_1x02_P5.00mm_Horizontal","~"
"","","J14","U3/U4","Connector_Generic:Conn_01x03","Connector_JST:JST_EH_B3B-EH-A_1x03_P2.50mm_Vertical","~"
"","","J15","I2C/U1","Connector_Generic:Conn_01x03","Connector_JST:JST_EH_B3B-EH-A_1x03_P2.50mm_Vertical","~"
"","","J16","buzzer","Connector_Generic:Conn_01x02","Connector_PinSocket_2.54mm:PinSocket_1x02_P2.54mm_Vertical","~"
"","","J18","LEDs","Connector_Generic:Conn_01x05","Connector_JST:JST_EH_B5B-EH-A_1x05_P2.50mm_Vertical","~"
"","","JP1","CAN","Jumper:SolderJumper_2_Bridged","Jumper:SolderJumper-2_P1.3mm_Open_TrianglePad1.0x1.5mm","~"
"","","JP2","USB5V","Jumper:SolderJumper_2_Bridged","Jumper:SolderJumper-2_P1.3mm_Open_TrianglePad1.0x1.5mm","~"
"","","JP3","MCU","Jumper:SolderJumper_2_Bridged","Jumper:SolderJumper-2_P1.3mm_Open_TrianglePad1.0x1.5mm","~"
"","","JP4","3v3","Jumper:SolderJumper_2_Bridged","Jumper:SolderJumper-2_P1.3mm_Open_TrianglePad1.0x1.5mm","~"
"","","JP5","Vadc","Jumper:SolderJumper_2_Bridged","Jumper:SolderJumper-2_P1.3mm_Open_TrianglePad1.0x1.5mm","~"
"","","JP6","RS-485","Jumper:SolderJumper_2_Bridged","Jumper:SolderJumper-2_P1.3mm_Open_TrianglePad1.0x1.5mm","~"
"","","L1","100u","Device:L","Inductor_THT:L_Toroid_Horizontal_D6.5mm_P10.00mm_Diameter7-5mm_Amidon-T25","~"
"","","L2","2.5k@100MHz","Device:L_Small","Inductor_SMD:L_0805_2012Metric_Pad1.15x1.40mm_HandSolder","~"
"","","Q1","AOD4184","Device:Q_NMOS_GDS","Package_TO_SOT_SMD:TO-252-2","~"
"","","Q2","AOD4184","Device:Q_NMOS_GDS","Package_TO_SOT_SMD:TO-252-2","~"
"","","Q3","AOD4184","Device:Q_NMOS_GDS","Package_TO_SOT_SMD:TO-252-2","~"
"","","Q4","AOD4184","Device:Q_NMOS_GDS","Package_TO_SOT_SMD:TO-252-2","~"
"","","Q5","DTA114Y","Transistor_BJT:DTA114Y","Package_TO_SOT_SMD:SOT-323_SC-70_Handsoldering",""
"","","Q6","SI2300","Device:Q_NMOS_GSD","Package_TO_SOT_SMD:SOT-23_Handsoldering","~"
"","","Q8","IRF9310","elements:IRF9310","Package_SO:SO-8_3.9x4.9mm_P1.27mm","~"
"","","Q9","SI2305","Device:Q_PMOS_GSD","Package_TO_SOT_SMD:SOT-23_Handsoldering","~"
"","","R1","330","Device:R","Resistor_SMD:R_0603_1608Metric_Pad0.98x0.95mm_HandSolder","~"
"","","R2","510","Device:R","Resistor_SMD:R_0603_1608Metric_Pad0.98x0.95mm_HandSolder","~"
"","","R3","10k","Device:R","Resistor_SMD:R_0603_1608Metric_Pad0.98x0.95mm_HandSolder","~"
"","","R4","510","Device:R","Resistor_SMD:R_0603_1608Metric_Pad0.98x0.95mm_HandSolder","~"
"","","R5","10k","Device:R","Resistor_SMD:R_0603_1608Metric_Pad0.98x0.95mm_HandSolder","~"
"","","R6","510","Device:R","Resistor_SMD:R_0603_1608Metric_Pad0.98x0.95mm_HandSolder","~"
"","","R7","10k","Device:R","Resistor_SMD:R_0603_1608Metric_Pad0.98x0.95mm_HandSolder","~"
"","","R8","510","Device:R","Resistor_SMD:R_0603_1608Metric_Pad0.98x0.95mm_HandSolder","~"
"","","R9","10k","Device:R","Resistor_SMD:R_0603_1608Metric_Pad0.98x0.95mm_HandSolder","~"
"","","R10","330","Device:R","Resistor_SMD:R_0603_1608Metric_Pad0.98x0.95mm_HandSolder","~"
"","","R11","10k","Device:R","Resistor_SMD:R_0603_1608Metric_Pad0.98x0.95mm_HandSolder","~"
"","","R12","10k","Device:R","Resistor_SMD:R_0603_1608Metric_Pad0.98x0.95mm_HandSolder","~"
"","","R13","1k5","Device:R","Resistor_SMD:R_0603_1608Metric_Pad0.98x0.95mm_HandSolder","~"
"","","R14","6.8","Device:R","Resistor_SMD:R_0603_1608Metric_Pad0.98x0.95mm_HandSolder","~"
"","","R15","22","Device:R","Resistor_SMD:R_0603_1608Metric_Pad0.98x0.95mm_HandSolder","~"
"","","R16","6.8","Device:R","Resistor_SMD:R_0603_1608Metric_Pad0.98x0.95mm_HandSolder","~"
"","","R17","6.8","Device:R","Resistor_SMD:R_0603_1608Metric_Pad0.98x0.95mm_HandSolder","~"
"","","R18","22","Device:R","Resistor_SMD:R_0603_1608Metric_Pad0.98x0.95mm_HandSolder","~"
"","","R19","120","Device:R","Resistor_SMD:R_1210_3225Metric_Pad1.30x2.65mm_HandSolder","~"
"","","R20","6.8","Device:R","Resistor_SMD:R_0603_1608Metric_Pad0.98x0.95mm_HandSolder","~"
"","","R21","330","Device:R","Resistor_SMD:R_0603_1608Metric_Pad0.98x0.95mm_HandSolder","~"
"","","R22","330","Device:R","Resistor_SMD:R_0603_1608Metric_Pad0.98x0.95mm_HandSolder","~"
"","","R23","4k7","Device:R","Resistor_SMD:R_0603_1608Metric_Pad0.98x0.95mm_HandSolder","~"
"","","R24","330","Device:R","Resistor_SMD:R_0603_1608Metric_Pad0.98x0.95mm_HandSolder","~"
"","","R25","4k7","Device:R","Resistor_SMD:R_0603_1608Metric_Pad0.98x0.95mm_HandSolder","~"
"","","R26","6.8","Device:R","Resistor_SMD:R_0603_1608Metric_Pad0.98x0.95mm_HandSolder","~"
"","","R27","6.8","Device:R","Resistor_SMD:R_0603_1608Metric_Pad0.98x0.95mm_HandSolder","~"
"","","R28","1k 0.1%","Device:R","Resistor_SMD:R_0805_2012Metric_Pad1.20x1.40mm_HandSolder","~"
"","","R29","1k 0.1%","Device:R","Resistor_SMD:R_0805_2012Metric_Pad1.20x1.40mm_HandSolder","~"
"","","R30","1k 0.1%","Device:R","Resistor_SMD:R_0805_2012Metric_Pad1.20x1.40mm_HandSolder","~"
"","","R31","1k 0.1%","Device:R","Resistor_SMD:R_0805_2012Metric_Pad1.20x1.40mm_HandSolder","~"
"","","R32","1k 0.1%","Device:R","Resistor_SMD:R_0805_2012Metric_Pad1.20x1.40mm_HandSolder","~"
"","","R33","1k 0.1%","Device:R","Resistor_SMD:R_0805_2012Metric_Pad1.20x1.40mm_HandSolder","~"
"","","R34","1k 0.1%","Device:R","Resistor_SMD:R_0805_2012Metric_Pad1.20x1.40mm_HandSolder","~"
"","","R35","1k 0.1%","Device:R","Resistor_SMD:R_0805_2012Metric_Pad1.20x1.40mm_HandSolder","~"
"","","R36","1k 0.1%","Device:R","Resistor_SMD:R_0805_2012Metric_Pad1.20x1.40mm_HandSolder","~"
"","","R37","1k 0.1%","Device:R","Resistor_SMD:R_0805_2012Metric_Pad1.20x1.40mm_HandSolder","~"
"","","R38","4k7","Device:R","Resistor_SMD:R_0603_1608Metric_Pad0.98x0.95mm_HandSolder","~"
"","","R39","10k","Device:R","Resistor_SMD:R_0603_1608Metric_Pad0.98x0.95mm_HandSolder","~"
"","","R40","6.8","Device:R","Resistor_SMD:R_0603_1608Metric_Pad0.98x0.95mm_HandSolder","~"
"","","R41","10k","Device:R","Resistor_SMD:R_0603_1608Metric_Pad0.98x0.95mm_HandSolder","~"
"","","R42","6.8","Device:R","Resistor_SMD:R_0603_1608Metric_Pad0.98x0.95mm_HandSolder","~"
"","","R43","6.8","Device:R","Resistor_SMD:R_0603_1608Metric_Pad0.98x0.95mm_HandSolder","~"
"","","R44","4k7","Device:R","Resistor_SMD:R_0603_1608Metric_Pad0.98x0.95mm_HandSolder","~"
"","","R45","6.8","Device:R","Resistor_SMD:R_0603_1608Metric_Pad0.98x0.95mm_HandSolder","~"
"","","R46","6.8","Device:R","Resistor_SMD:R_0603_1608Metric_Pad0.98x0.95mm_HandSolder","~"
"","","R47","6.8","Device:R","Resistor_SMD:R_0603_1608Metric_Pad0.98x0.95mm_HandSolder","~"
"","","R54","330","Device:R","Resistor_SMD:R_0603_1608Metric_Pad0.98x0.95mm_HandSolder","~"
"","","RN1","330","Device:R_Pack04","Resistor_SMD:R_Array_Convex_4x0603","~"
"","","RN2","330","Device:R_Pack04","Resistor_SMD:R_Array_Convex_4x0603","~"
"","","RN3","330","Device:R_Pack04","Resistor_SMD:R_Array_Convex_4x0603","~"
"","","RN4","330","Device:R_Pack04","Resistor_SMD:R_Array_Convex_4x0603","~"
"","","RN5","330","Device:R_Pack04","Resistor_SMD:R_Array_Convex_4x0603","~"
"","","TP1","5Vusb","Connector:TestPoint","TestPoint:TestPoint_THTPad_1.5x1.5mm_Drill0.7mm","~"
"","","TP2","Vin","Connector:TestPoint","TestPoint:TestPoint_THTPad_1.5x1.5mm_Drill0.7mm","~"
"","","TP3","Gnd","Connector:TestPoint","TestPoint:TestPoint_THTPad_1.5x1.5mm_Drill0.7mm","~"
"","","TP4","5V","Connector:TestPoint","TestPoint:TestPoint_THTPad_1.5x1.5mm_Drill0.7mm","~"
"","","TP5","3.3V","Connector:TestPoint","TestPoint:TestPoint_THTPad_1.5x1.5mm_Drill0.7mm","~"
"","","TP6","Vadc","Connector:TestPoint","TestPoint:TestPoint_THTPad_1.5x1.5mm_Drill0.7mm","~"
"","","U1","MCP2551-I-SN","Interface_CAN_LIN:MCP2551-I-SN","Package_SO:SOIC-8_3.9x4.9mm_P1.27mm","http://ww1.microchip.com/downloads/en/devicedoc/21667d.pdf"
"","","U2","USBLC6-2SC6","Power_Protection:USBLC6-2SC6","Package_TO_SOT_SMD:SOT-23-6","https://www.st.com/resource/en/datasheet/usblc6-2.pdf"
"","","U3","MAX3485","Interface_UART:MAX3485","Package_SO:SO-8_3.9x4.9mm_P1.27mm","https://datasheets.maximintegrated.com/en/ds/MAX3483-MAX3491.pdf"
"","","U4","STM32F302VBTx","MCU_ST_STM32F3:STM32F302VBTx","Package_QFP:LQFP-100_14x14mm_P0.5mm","http://www.st.com/st-web-ui/static/active/en/resource/technical/document/datasheet/DM00094064.pdf"
"","","U5","BME280","Sensor:BME280","Package_LGA:Bosch_LGA-8_2.5x2.5mm_P0.65mm_ClockwisePinNumbering","https://ae-bst.resource.bosch.com/media/_tech/media/datasheets/BST-BME280-DS002.pdf"
"","","U6","LM2576HVS-5","Regulator_Switching:LM2576HVS-5","Package_TO_SOT_SMD:TO-263-5_TabPin3","http://www.ti.com/lit/ds/symlink/lm2576.pdf"
"","","U7","LM1117-3.3","Regulator_Linear:LM1117-3.3","Package_TO_SOT_SMD:SOT-223-3_TabPin2","http://www.ti.com/lit/ds/symlink/lm1117.pdf"
"","","U8","LM1117-3.3","Regulator_Linear:LM1117-3.3","Package_TO_SOT_SMD:SOT-223-3_TabPin2","http://www.ti.com/lit/ds/symlink/lm1117.pdf"
"","","Y1","NX5032GA-8MHz","Device:Crystal","Crystal:Crystal_SMD_5032-2Pin_5.0x3.2mm","~"



"Collated Components:"

"Item","Qty","Reference(s)","Value","LibPart","Footprint","Datasheet"
"1","4","C1, C4, C9, C12","1u","Device:C","Capacitor_SMD:C_0603_1608Metric_Pad1.08x0.95mm_HandSolder","~"
"2","2","C2, C3","6","Device:C","Capacitor_SMD:C_0603_1608Metric_Pad1.08x0.95mm_HandSolder","~"
"3","12","C5, C6, C7, C8, C10, C11, C13, C14, C16, C19, C20, C22","0.1","Device:C","Capacitor_SMD:C_0603_1608Metric_Pad1.08x0.95mm_HandSolder","~"
"4","1","C15","47u 35V","Device:C_Polarized","Capacitor_Tantalum_SMD:CP_EIA-6032-28_Kemet-C_Pad2.25x2.35mm_HandSolder","~"
"5","2","C17, C21","47u 6V","Device:C_Polarized","Capacitor_Tantalum_SMD:CP_EIA-3216-18_Kemet-A_Pad1.58x1.35mm_HandSolder","~"
"6","1","C18","47u 10V","Device:C_Polarized","Capacitor_Tantalum_SMD:CP_EIA-6032-28_Kemet-C_Pad2.25x2.35mm_HandSolder","~"
"7","4","D1, D2, D3, D4","SS14","Device:D","Diode_SMD:D_SMA_Handsoldering","~"
"8","1","D5","MBRS130L","Device:D_Schottky","Diode_SMD:D_SMB_Handsoldering","~"
"9","2","D6, D7","PESD1CAN","elements:PESD1CAN","Package_TO_SOT_SMD:SOT-23",""
"10","1","D8","CESD3v3","Device:D","Diode_SMD:D_SOD-523","~"
"11","3","D9, D10, D13","SP0505BAHT","Power_Protection:SP0505BAHT","Package_TO_SOT_SMD:SOT-23-6","http://www.littelfuse.com/~/media/files/littelfuse/technical%20resources/documents/data%20sheets/sp05xxba.pdf"
"12","1","D11","MM3Z7V5","Device:D_Zener","Diode_SMD:D_0805_2012Metric_Pad1.15x1.40mm_HandSolder","~"
"13","1","D12","1N5822","Device:D","Diode_THT:D_DO-201_P3.81mm_Vertical_AnodeUp","~"
"14","4","H1, H2, H3, H4","MountingHole","Mechanical:MountingHole","MountingHole:MountingHole_3.2mm_M3_DIN965_Pad","~"
"15","1","J1","ADC8,9","Connector_Generic:Conn_01x03","Connector_JST:JST_EH_B3B-EH-A_1x03_P2.50mm_Vertical","~"
"16","3","J2, J3, J13","Screw_Terminal_01x02","Connector:Screw_Terminal_01x02","TerminalBlock_Phoenix:TerminalBlock_Phoenix_MKDS-1,5-2_1x02_P5.00mm_Horizontal","~"
"17","2","J4, J10","IDC2.54_02x05","Connector_Generic:Conn_02x05_Odd_Even","Connector_IDC:IDC-Header_2x05_P2.54mm_Vertical","~"
"18","2","J5, J12","Power","Connector_Generic:Conn_01x03","Connector_JST:JST_EH_B3B-EH-A_1x03_P2.50mm_Vertical","~"
"19","1","J6","ADCext","Connector:Conn_01x04_Male","Connector_JST:JST_EH_B4B-EH-A_1x04_P2.50mm_Vertical","~"
"20","1","J7","Prog","Connector:Conn_01x06_Female","Connector_PinSocket_1.27mm:PinSocket_1x06_P1.27mm_Vertical","~"
"21","1","J8","USB_B","Connector:USB_B","Connector_USB:USB_B_OST_USB-B1HSxx_Horizontal"," ~"
"22","1","J9","485/CAN","Connector_Generic:Conn_01x05","Connector_JST:JST_EH_B5B-EH-A_1x05_P2.50mm_Vertical","~"
"23","1","J11","IDC2.54_02x05","Connector_Generic:Conn_02x05_Counter_Clockwise","Connector_IDC:IDC-Header_2x05_P2.54mm_Vertical","~"
"24","1","J14","U3/U4","Connector_Generic:Conn_01x03","Connector_JST:JST_EH_B3B-EH-A_1x03_P2.50mm_Vertical","~"
"25","1","J15","I2C/U1","Connector_Generic:Conn_01x03","Connector_JST:JST_EH_B3B-EH-A_1x03_P2.50mm_Vertical","~"
"26","1","J16","buzzer","Connector_Generic:Conn_01x02","Connector_PinSocket_2.54mm:PinSocket_1x02_P2.54mm_Vertical","~"
"27","1","J18","LEDs","Connector_Generic:Conn_01x05","Connector_JST:JST_EH_B5B-EH-A_1x05_P2.50mm_Vertical","~"
"28","1","JP1","CAN","Jumper:SolderJumper_2_Bridged","Jumper:SolderJumper-2_P1.3mm_Open_TrianglePad1.0x1.5mm","~"
"29","1","JP2","USB5V","Jumper:SolderJumper_2_Bridged","Jumper:SolderJumper-2_P1.3mm_Open_TrianglePad1.0x1.5mm","~"
"30","1","JP3","MCU","Jumper:SolderJumper_2_Bridged","Jumper:SolderJumper-2_P1.3mm_Open_TrianglePad1.0x1.5mm","~"
"31","1","JP4","3v3","Jumper:SolderJumper_2_Bridged","Jumper:SolderJumper-2_P1.3mm_Open_TrianglePad1.0x1.5mm","~"
"32","1","JP5","Vadc","Jumper:SolderJumper_2_Bridged","Jumper:SolderJumper-2_P1.3mm_Open_TrianglePad1.0x1.5mm","~"
"33","1","JP6","RS-485","Jumper:SolderJumper_2_Bridged","Jumper:SolderJumper-2_P1.3mm_Open_TrianglePad1.0x1.5mm","~"
"34","1","L1","100u","Device:L","Inductor_THT:L_Toroid_Horizontal_D6.5mm_P10.00mm_Diameter7-5mm_Amidon-T25","~"
"35","1","L2","2.5k@100MHz","Device:L_Small","Inductor_SMD:L_0805_2012Metric_Pad1.15x1.40mm_HandSolder","~"
"36","4","Q1, Q2, Q3, Q4","AOD4184","Device:Q_NMOS_GDS","Package_TO_SOT_SMD:TO-252-2","~"
"37","1","Q5","DTA114Y","Transistor_BJT:DTA114Y","Package_TO_SOT_SMD:SOT-323_SC-70_Handsoldering",""
"38","1","Q6","SI2300","Device:Q_NMOS_GSD","Package_TO_SOT_SMD:SOT-23_Handsoldering","~"
"39","1","Q8","IRF9310","elements:IRF9310","Package_SO:SO-8_3.9x4.9mm_P1.27mm","~"
"40","1","Q9","SI2305","Device:Q_PMOS_GSD","Package_TO_SOT_SMD:SOT-23_Handsoldering","~"
"41","6","R1, R10, R21, R22, R24, R54","330","Device:R","Resistor_SMD:R_0603_1608Metric_Pad0.98x0.95mm_HandSolder","~"
"42","4","R2, R4, R6, R8","510","Device:R","Resistor_SMD:R_0603_1608Metric_Pad0.98x0.95mm_HandSolder","~"
"43","8","R3, R5, R7, R9, R11, R12, R39, R41","10k","Device:R","Resistor_SMD:R_0603_1608Metric_Pad0.98x0.95mm_HandSolder","~"
"44","1","R13","1k5","Device:R","Resistor_SMD:R_0603_1608Metric_Pad0.98x0.95mm_HandSolder","~"
"45","12","R14, R16, R17, R20, R26, R27, R40, R42, R43, R45, R46, R47","6.8","Device:R","Resistor_SMD:R_0603_1608Metric_Pad0.98x0.95mm_HandSolder","~"
"46","2","R15, R18","22","Device:R","Resistor_SMD:R_0603_1608Metric_Pad0.98x0.95mm_HandSolder","~"
"47","1","R19","120","Device:R","Resistor_SMD:R_1210_3225Metric_Pad1.30x2.65mm_HandSolder","~"
"48","4","R23, R25, R38, R44","4k7","Device:R","Resistor_SMD:R_0603_1608Metric_Pad0.98x0.95mm_HandSolder","~"
"49","10","R28, R29, R30, R31, R32, R33, R34, R35, R36, R37","1k 0.1%","Device:R","Resistor_SMD:R_0805_2012Metric_Pad1.20x1.40mm_HandSolder","~"
"50","5","RN1, RN2, RN3, RN4, RN5","330","Device:R_Pack04","Resistor_SMD:R_Array_Convex_4x0603","~"
"51","1","TP1","5Vusb","Connector:TestPoint","TestPoint:TestPoint_THTPad_1.5x1.5mm_Drill0.7mm","~"
"52","1","TP2","Vin","Connector:TestPoint","TestPoint:TestPoint_THTPad_1.5x1.5mm_Drill0.7mm","~"
"53","1","TP3","Gnd","Connector:TestPoint","TestPoint:TestPoint_THTPad_1.5x1.5mm_Drill0.7mm","~"
"54","1","TP4","5V","Connector:TestPoint","TestPoint:TestPoint_THTPad_1.5x1.5mm_Drill0.7mm","~"
"55","1","TP5","3.3V","Connector:TestPoint","TestPoint:TestPoint_THTPad_1.5x1.5mm_Drill0.7mm","~"
"56","1","TP6","Vadc","Connector:TestPoint","TestPoint:TestPoint_THTPad_1.5x1.5mm_Drill0.7mm","~"
"57","1","U1","MCP2551-I-SN","Interface_CAN_LIN:MCP2551-I-SN","Package_SO:SOIC-8_3.9x4.9mm_P1.27mm","http://ww1.microchip.com/downloads/en/devicedoc/21667d.pdf"
"58","1","U2","USBLC6-2SC6","Power_Protection:USBLC6-2SC6","Package_TO_SOT_SMD:SOT-23-6","https://www.st.com/resource/en/datasheet/usblc6-2.pdf"
"59","1","U3","MAX3485","Interface_UART:MAX3485","Package_SO:SO-8_3.9x4.9mm_P1.27mm","https://datasheets.maximintegrated.com/en/ds/MAX3483-MAX3491.pdf"
"60","1","U4","STM32F302VBTx","MCU_ST_STM32F3:STM32F302VBTx","Package_QFP:LQFP-100_14x14mm_P0.5mm","http://www.st.com/st-web-ui/static/active/en/resource/technical/document/datasheet/DM00094064.pdf"
"61","1","U5","BME280","Sensor:BME280","Package_LGA:Bosch_LGA-8_2.5x2.5mm_P0.65mm_ClockwisePinNumbering","https://ae-bst.resource.bosch.com/media/_tech/media/datasheets/BST-BME280-DS002.pdf"
"62","1","U6","LM2576HVS-5","Regulator_Switching:LM2576HVS-5","Package_TO_SOT_SMD:TO-263-5_TabPin3","http://www.ti.com/lit/ds/symlink/lm2576.pdf"
"63","2","U7, U8","LM1117-3.3","Regulator_Linear:LM1117-3.3","Package_TO_SOT_SMD:SOT-223-3_TabPin2","http://www.ti.com/lit/ds/symlink/lm1117.pdf"
"64","1","Y1","NX5032GA-8MHz","Device:Crystal","Crystal:Crystal_SMD_5032-2Pin_5.0x3.2mm","~"
