"Source:","/home/eddy/Docs/SAO/BTA/NEW_control_system/InsteadOfPEP/CANbus4BTA/kicad/stm32.kicad_sch"
"Date:","Вт 22 ноя 2022 12:54:52"
"Tool:","Eeschema 6.0.5"
"Generator:","/usr/local/share/kicad/plugins/bom_csv_grouped_by_value.py"
"Component Count:","155"

"Individual Components:"

"Item","Qty","Reference(s)","Value","LibPart","Footprint","Datasheet","Manufacturer"
"","","BZ1","Buzzer 3.3V","Device:Buzzer","Buzzer_Beeper:Buzzer_12x9.5RM7.6","~",""
"","","C1","1u","Device:C_Small","Capacitor_SMD:C_0805_2012Metric_Pad1.18x1.45mm_HandSolder","~",""
"","","C2","0.1","stm32-rescue:C","Capacitor_SMD:C_0603_1608Metric_Pad1.08x0.95mm_HandSolder","",""
"","","C3","1u","Device:C_Small","Capacitor_SMD:C_0805_2012Metric_Pad1.18x1.45mm_HandSolder","~",""
"","","C4","0.1","stm32-rescue:C","Capacitor_SMD:C_0603_1608Metric_Pad1.08x0.95mm_HandSolder","",""
"","","C5","0.1","stm32-rescue:C","Capacitor_SMD:C_0603_1608Metric_Pad1.08x0.95mm_HandSolder","",""
"","","C6","12","stm32-rescue:C","Capacitor_SMD:C_0603_1608Metric_Pad1.08x0.95mm_HandSolder","",""
"","","C7","0.1","stm32-rescue:C","Capacitor_SMD:C_0603_1608Metric_Pad1.08x0.95mm_HandSolder","",""
"","","C8","12","stm32-rescue:C","Capacitor_SMD:C_0603_1608Metric_Pad1.08x0.95mm_HandSolder","",""
"","","C9","0.1","stm32-rescue:C","Capacitor_SMD:C_0603_1608Metric_Pad1.08x0.95mm_HandSolder","",""
"","","C10","0.1","stm32-rescue:C","Capacitor_SMD:C_0603_1608Metric_Pad1.08x0.95mm_HandSolder","",""
"","","C11","0.1","stm32-rescue:C","Capacitor_SMD:C_0603_1608Metric_Pad1.08x0.95mm_HandSolder","",""
"","","C12","0.1","Device:C_Small","Capacitor_SMD:C_0603_1608Metric_Pad1.08x0.95mm_HandSolder","~",""
"","","C13","0.1","Device:C_Small","Capacitor_SMD:C_0603_1608Metric_Pad1.08x0.95mm_HandSolder","~",""
"","","C14","0.1","stm32-rescue:C","Capacitor_SMD:C_0603_1608Metric_Pad1.08x0.95mm_HandSolder","",""
"","","C15","1u","stm32-rescue:C","Capacitor_SMD:C_0805_2012Metric_Pad1.18x1.45mm_HandSolder","",""
"","","C16","0.1","stm32-rescue:C","Capacitor_SMD:C_0603_1608Metric_Pad1.08x0.95mm_HandSolder","",""
"","","C17","0.1","Device:C","Capacitor_SMD:C_0603_1608Metric_Pad1.08x0.95mm_HandSolder","~",""
"","","C18","100u 35V","Device:C_Polarized","Capacitor_THT:CP_Radial_D8.0mm_P3.50mm","~",""
"","","C19","100u 35V","Device:C_Polarized","Capacitor_THT:CP_Radial_D8.0mm_P3.50mm","~",""
"","","C20","0.1","stm32-rescue:C","Capacitor_SMD:C_0603_1608Metric_Pad1.08x0.95mm_HandSolder","",""
"","","C21","0.1","stm32-rescue:C","Capacitor_SMD:C_0603_1608Metric_Pad1.08x0.95mm_HandSolder","",""
"","","C22","1F","stm32-rescue:CP","Capacitor_THT:C_Rect_L18.0mm_W8.0mm_P15.00mm_FKS3_FKP3","",""
"","","C23","1u","stm32-rescue:C","Capacitor_SMD:C_0805_2012Metric_Pad1.18x1.45mm_HandSolder","",""
"","","C24","0.1","stm32-rescue:C","Capacitor_SMD:C_0603_1608Metric_Pad1.08x0.95mm_HandSolder","",""
"","","C25","0.1","stm32-rescue:C","Capacitor_SMD:C_0603_1608Metric_Pad1.08x0.95mm_HandSolder","",""
"","","C26","47u 10V","Device:C_Polarized","Capacitor_Tantalum_SMD:CP_EIA-6032-28_Kemet-C_Pad2.25x2.35mm_HandSolder","~",""
"","","C27","47u 6V","stm32-rescue:CP","Capacitor_Tantalum_SMD:CP_EIA-3216-18_Kemet-A_Pad1.58x1.35mm_HandSolder","",""
"","","C28","100u 16V","Device:C_Polarized","Capacitor_THT:CP_Radial_D8.0mm_P3.50mm","~",""
"","","C29","0.1","stm32-rescue:C","Capacitor_SMD:C_0603_1608Metric_Pad1.08x0.95mm_HandSolder","",""
"","","D1","CESD3V3","Device:D","Diode_SMD:D_0805_2012Metric_Pad1.15x1.40mm_HandSolder","~",""
"","","D2","CESD3V3","Device:D","Diode_SMD:D_0805_2012Metric_Pad1.15x1.40mm_HandSolder","~",""
"","","D3","D","Device:D","Diode_SMD:D_0805_2012Metric_Pad1.15x1.40mm_HandSolder","~",""
"","","D4","MM3Z7V5","Device:D_Zener","Diode_SMD:D_0805_2012Metric_Pad1.15x1.40mm_HandSolder","~",""
"","","D5","MBRS130L","Device:D_Schottky","Diode_SMD:D_SMB_Handsoldering","~",""
"","","D6","SS14","Device:D_Schottky","Diode_SMD:D_SMA-SMB_Universal_Handsoldering","~",""
"","","D7","MBRS130L","Device:D_Schottky","Diode_SMD:D_SMB_Handsoldering","~",""
"","","D8","USB6B1","elements:USB6B1","Package_SO:SOIC-8_3.9x4.9mm_P1.27mm","",""
"","","D9","PESD1CAN","elements:PESD1CAN","Package_TO_SOT_SMD:SOT-23","",""
"","","D10","1N5822","Device:D","Diode_THT:D_DO-201_P3.81mm_Vertical_AnodeUp","~",""
"","","J1","0","Connector:Conn_01x01_Female","Connector_PinSocket_2.54mm:PinSocket_1x01_P2.54mm_Vertical","~",""
"","","J2","1","Connector:Conn_01x01_Female","Connector_PinSocket_2.54mm:PinSocket_1x01_P2.54mm_Vertical","~",""
"","","J3","4","Connector:Conn_01x01_Female","Connector_PinSocket_2.54mm:PinSocket_1x01_P2.54mm_Vertical","~",""
"","","J4","5","Connector:Conn_01x01_Female","Connector_PinSocket_2.54mm:PinSocket_1x01_P2.54mm_Vertical","~",""
"","","J5","6","Connector:Conn_01x01_Female","Connector_PinSocket_2.54mm:PinSocket_1x01_P2.54mm_Vertical","~",""
"","","J6","7","Connector:Conn_01x01_Female","Connector_PinSocket_2.54mm:PinSocket_1x01_P2.54mm_Vertical","~",""
"","","J7","2","Connector:Conn_01x01_Female","Connector_PinSocket_2.54mm:PinSocket_1x01_P2.54mm_Vertical","~",""
"","","J8","3","Connector:Conn_01x01_Female","Connector_PinSocket_2.54mm:PinSocket_1x01_P2.54mm_Vertical","~",""
"","","J9","PROG","Connector:Conn_01x06_Female","Connector_PinSocket_1.27mm:PinSocket_1x06_P1.27mm_Vertical","~",""
"","","J10","RelayB","Connector:Screw_Terminal_01x03","TerminalBlock_Phoenix:TerminalBlock_Phoenix_MKDS-1,5-3_1x03_P5.00mm_Horizontal","~",""
"","","J15","PB10","Connector:Conn_01x01_Female","Connector_PinSocket_2.54mm:PinSocket_1x01_P2.54mm_Vertical","~",""
"","","J16","PB11","Connector:Conn_01x01_Female","Connector_PinSocket_2.54mm:PinSocket_1x01_P2.54mm_Vertical","~",""
"","","J17","PA15","Connector:Conn_01x01_Female","Connector_PinSocket_2.54mm:PinSocket_1x01_P2.54mm_Vertical","~",""
"","","J18","SSI/422","Connector:DB9_Female","Connector_Dsub:DSUB-9_Female_Horizontal_P2.77x2.84mm_EdgePinOffset4.94mm_Housed_MountingHolesOffset7.48mm"," ~",""
"","","J19","I2C","Connector:Conn_01x04_Female","Connector_JST:JST_PH_B4B-PH-K_1x04_P2.00mm_Vertical","~",""
"","","J20","SPI","Connector:Screw_Terminal_01x06","TerminalBlock_Phoenix:TerminalBlock_Phoenix_MKDS-1,5-6_1x06_P5.00mm_Horizontal","~",""
"","","J21","Ain","Connector:Screw_Terminal_01x03","TerminalBlock_Phoenix:TerminalBlock_Phoenix_MKDS-1,5-3_1x03_P5.00mm_Horizontal","~",""
"","","J22","PWMout","Connector:Conn_01x03_Male","Connector_JST:JST_PH_B3B-PH-K_1x03_P2.00mm_Vertical","~",""
"","","J23","Vin","Connector:Screw_Terminal_01x02","TerminalBlock_Phoenix:TerminalBlock_Phoenix_MKDS-1,5-2_1x02_P5.00mm_Horizontal","~",""
"","","J24","Power","Connector:Conn_01x04_Female","Connector_JST:JST_PH_B4B-PH-K_1x04_P2.00mm_Vertical","~",""
"","","J25","RelayA","Connector:Screw_Terminal_01x03","TerminalBlock_Phoenix:TerminalBlock_Phoenix_MKDS-1,5-3_1x03_P5.00mm_Horizontal","~",""
"","","J26","Vout","Connector:Screw_Terminal_01x02","TerminalBlock_Phoenix:TerminalBlock_Phoenix_MKDS-1,5-2_1x02_P5.00mm_Horizontal","~",""
"","","J27","5Vout","Connector:Screw_Terminal_01x02","TerminalBlock_Phoenix:TerminalBlock_Phoenix_MKDS-1,5-2_1x02_P5.00mm_Horizontal","~",""
"","","J28","CAN","Connector:DB9_Female","Connector_Dsub:DSUB-9_Female_Horizontal_P2.77x2.84mm_EdgePinOffset4.94mm_Housed_MountingHolesOffset7.48mm"," ~",""
"","","J29","USB_B","Connector:USB_B","Connector_USB:USB_B_OST_USB-B1HSxx_Horizontal"," ~",""
"","","J30","EXT_IN","Connector:Screw_Terminal_01x10","Connector_Phoenix_MC_HighVoltage:PhoenixContact_MC_1,5_10-GF-5.08_1x10_P5.08mm_Horizontal_ThreadedFlange","~",""
"","","J38","PA8","Connector:Conn_01x01_Female","Connector_PinSocket_2.54mm:PinSocket_1x01_P2.54mm_Vertical","~",""
"","","JP1","Tx","Jumper:Jumper_3_Open","Connector_PinHeader_2.54mm:PinHeader_1x03_P2.54mm_Vertical","~",""
"","","JP2","Rx","Jumper:Jumper_3_Open","Connector_PinHeader_2.54mm:PinHeader_1x03_P2.54mm_Vertical","~",""
"","","JP3","SSI_VR","Jumper:Jumper_3_Open","Connector_PinHeader_2.54mm:PinHeader_1x03_P2.54mm_Vertical","~",""
"","","JP4","SSI_Z","Jumper:Jumper_3_Open","Connector_PinHeader_2.54mm:PinHeader_1x03_P2.54mm_Vertical","~",""
"","","K1","HF115F-024-2ZS4","Relay:FINDER-41.52","Relay_THT:Relay_DPDT_Finder_40.52","http://gfinder.findernet.com/assets/Series/357/S41EN.pdf",""
"","","L1","100u","Device:L","Inductor_THT:L_Toroid_Horizontal_D6.5mm_P10.00mm_Diameter7-5mm_Amidon-T25","~",""
"","","P1","Hole","stm32-rescue:CONN_01X01","my_footprints:Hole_3mm","",""
"","","P2","Hole","stm32-rescue:CONN_01X01","my_footprints:Hole_3mm","",""
"","","P3","Hole","stm32-rescue:CONN_01X01","my_footprints:Hole_3mm","",""
"","","P4","Hole","stm32-rescue:CONN_01X01","my_footprints:Hole_3mm","",""
"","","P5","Hole","stm32-rescue:CONN_01X01","my_footprints:Hole_3mm","",""
"","","P6","Hole","stm32-rescue:CONN_01X01","my_footprints:Hole_3mm","",""
"","","Q1","B0505S-1W","elements:B0505S","my_footprints:B0x0xS","",""
"","","Q2","VRB2405YMD","elements:VRB2405YMD","my_footprints:VRB2405","",""
"","","Q3","B0505S-2W","elements:B0505S-2W","my_footprints:B0505S-2W","",""
"","","Q4","SI2300","Device:Q_NMOS_GSD","Package_TO_SOT_SMD:SOT-23_Handsoldering","~",""
"","","Q5","SI2300","Device:Q_NMOS_GSD","Package_TO_SOT_SMD:SOT-23_Handsoldering","~",""
"","","Q6","SI2308","Device:Q_NMOS_GSD","Package_TO_SOT_SMD:SOT-23_Handsoldering","~",""
"","","Q7","IRF9310","elements:IRF9310","Package_SO:SO-8_3.9x4.9mm_P1.27mm","~",""
"","","Q8","B0505S-1W","elements:B0505S","my_footprints:B0x0xS","",""
"","","R1","22","Device:R","Resistor_SMD:R_0603_1608Metric_Pad0.98x0.95mm_HandSolder","~",""
"","","R2","10k","Device:R","Resistor_SMD:R_0603_1608Metric_Pad0.98x0.95mm_HandSolder","~",""
"","","R3","4k7","Device:R","Resistor_SMD:R_0603_1608Metric_Pad0.98x0.95mm_HandSolder","~",""
"","","R4","4k7","Device:R","Resistor_SMD:R_0603_1608Metric_Pad0.98x0.95mm_HandSolder","~",""
"","","R5","100","Device:R","Resistor_SMD:R_0603_1608Metric_Pad0.98x0.95mm_HandSolder","~",""
"","","R6","100","Device:R","Resistor_SMD:R_0603_1608Metric_Pad0.98x0.95mm_HandSolder","~",""
"","","R7","330","Device:R","Resistor_SMD:R_0603_1608Metric_Pad0.98x0.95mm_HandSolder","~",""
"","","R8","91k","Device:R","Resistor_SMD:R_0603_1608Metric_Pad0.98x0.95mm_HandSolder","~",""
"","","R9","10k","Device:R","Resistor_SMD:R_0603_1608Metric_Pad0.98x0.95mm_HandSolder","~",""
"","","R10","10k","Device:R","Resistor_SMD:R_0603_1608Metric_Pad0.98x0.95mm_HandSolder","~",""
"","","R11","330","Device:R","Resistor_SMD:R_0603_1608Metric_Pad0.98x0.95mm_HandSolder","~",""
"","","R12","10k","Device:R","Resistor_SMD:R_0603_1608Metric_Pad0.98x0.95mm_HandSolder","~",""
"","","R13","10k","Device:R","Resistor_SMD:R_0603_1608Metric_Pad0.98x0.95mm_HandSolder","~",""
"","","R14","10k","Device:R","Resistor_SMD:R_0603_1608Metric_Pad0.98x0.95mm_HandSolder","~",""
"","","R15","10k","Device:R","Resistor_SMD:R_0603_1608Metric_Pad0.98x0.95mm_HandSolder","~",""
"","","R16","10k","Device:R","Resistor_SMD:R_0603_1608Metric_Pad0.98x0.95mm_HandSolder","~",""
"","","R17","10k","Device:R","Resistor_SMD:R_0603_1608Metric_Pad0.98x0.95mm_HandSolder","~",""
"","","R18","330","Device:R","Resistor_SMD:R_0603_1608Metric_Pad0.98x0.95mm_HandSolder","~",""
"","","R19","22","stm32-rescue:R","Resistor_SMD:R_0603_1608Metric_Pad0.98x0.95mm_HandSolder","",""
"","","R20","22","stm32-rescue:R","Resistor_SMD:R_0603_1608Metric_Pad0.98x0.95mm_HandSolder","",""
"","","R21","4k7","Device:R","Resistor_SMD:R_0603_1608Metric_Pad0.98x0.95mm_HandSolder","~",""
"","","R22","7.5","Device:R","Resistor_SMD:R_2010_5025Metric_Pad1.40x2.65mm_HandSolder","~",""
"","","R23","7.5","Device:R","Resistor_SMD:R_2010_5025Metric_Pad1.40x2.65mm_HandSolder","~",""
"","","R24","7.5","Device:R","Resistor_SMD:R_2010_5025Metric_Pad1.40x2.65mm_HandSolder","~",""
"","","R25","7.5","Device:R","Resistor_SMD:R_2010_5025Metric_Pad1.40x2.65mm_HandSolder","~",""
"","","R26","7.5","Device:R","Resistor_SMD:R_2010_5025Metric_Pad1.40x2.65mm_HandSolder","~",""
"","","R27","7.5","Device:R","Resistor_SMD:R_2010_5025Metric_Pad1.40x2.65mm_HandSolder","~",""
"","","R28","120","stm32-rescue:R","Resistor_SMD:R_1210_3225Metric_Pad1.30x2.65mm_HandSolder","",""
"","","R29","22","stm32-rescue:R","Resistor_SMD:R_0603_1608Metric_Pad0.98x0.95mm_HandSolder","",""
"","","R30","22","stm32-rescue:R","Resistor_SMD:R_0603_1608Metric_Pad0.98x0.95mm_HandSolder","",""
"","","R31","360","Device:R","Resistor_SMD:R_0603_1608Metric_Pad0.98x0.95mm_HandSolder","~",""
"","","R32","360","Device:R","Resistor_SMD:R_0603_1608Metric_Pad0.98x0.95mm_HandSolder","~",""
"","","R33","360","Device:R","Resistor_SMD:R_0603_1608Metric_Pad0.98x0.95mm_HandSolder","~",""
"","","R34","360","Device:R","Resistor_SMD:R_0603_1608Metric_Pad0.98x0.95mm_HandSolder","~",""
"","","R35","360","Device:R","Resistor_SMD:R_0603_1608Metric_Pad0.98x0.95mm_HandSolder","~",""
"","","R36","360","Device:R","Resistor_SMD:R_0603_1608Metric_Pad0.98x0.95mm_HandSolder","~",""
"","","R37","360","Device:R","Resistor_SMD:R_0603_1608Metric_Pad0.98x0.95mm_HandSolder","~",""
"","","R38","360","Device:R","Resistor_SMD:R_0603_1608Metric_Pad0.98x0.95mm_HandSolder","~",""
"","","RV1","50k","Device:R_Potentiometer_Small","Potentiometer_THT:Potentiometer_Bourns_3296W_Vertical","~",""
"","","RV2","50k","Device:R_Potentiometer_Small","Potentiometer_THT:Potentiometer_Bourns_3296W_Vertical","~",""
"","","SW1","SW_Push","Switch:SW_Push","Button_Switch_SMD:SW_SPST_FSMSM","~",""
"","","SW2","SW_DIP_x04","Switch:SW_DIP_x04","Button_Switch_THT:SW_DIP_SPSTx04_Slide_9.78x12.34mm_W7.62mm_P2.54mm","~",""
"","","SW3","SW_Push","Switch:SW_Push","Button_Switch_SMD:SW_SPST_FSMSM","~",""
"","","SW4","SW_DIP_x01","Switch:SW_DIP_x01","Button_Switch_THT:SW_DIP_SPSTx01_Slide_6.7x4.1mm_W7.62mm_P2.54mm_LowProfile","~",""
"","","TP1","4.6V","Connector:TestPoint","Connector_PinSocket_2.54mm:PinSocket_1x01_P2.54mm_Vertical","~",""
"","","TP2","Gnd","Connector:TestPoint","Connector_PinSocket_2.54mm:PinSocket_1x01_P2.54mm_Vertical","~",""
"","","TP3","Gnd","Connector:TestPoint","Connector_PinSocket_2.54mm:PinSocket_1x01_P2.54mm_Vertical","~",""
"","","TP4","3.3V","Connector:TestPoint","Connector_PinSocket_2.54mm:PinSocket_1x01_P2.54mm_Vertical","~",""
"","","TP5","5V","Connector:TestPoint","Connector_PinSocket_2.54mm:PinSocket_1x01_P2.54mm_Vertical","~",""
"","","U1","74HC4051","74xx:74HC4051","Package_SO:SOIC-16_3.9x9.9mm_P1.27mm","http://www.ti.com/lit/ds/symlink/cd74hc4051.pdf",""
"","","U2","74HC4051","74xx:74HC4051","Package_SO:SOIC-16_3.9x9.9mm_P1.27mm","http://www.ti.com/lit/ds/symlink/cd74hc4051.pdf",""
"","","U3","ISO3086","iso3086:ISO3086","Package_SO:SOIC-16W_7.5x10.3mm_P1.27mm","",""
"","","U4","STM32F072C8Tx","MCU_ST_STM32F0:STM32F072C8Tx","Package_QFP:LQFP-48_7x7mm_P0.5mm","http://www.st.com/st-web-ui/static/active/en/resource/technical/document/datasheet/DM00090510.pdf",""
"","","U5","ISO7241C","Isolator:ISO7341C","Package_SO:SOIC-16W_7.5x10.3mm_P1.27mm","http://www.ti.com/general/docs/lit/getliterature.tsp?genericPartNumber=iso7341c&fileType=pdf",""
"","","U6","IP4220CZ6","Power_Protection:USBLC6-4SC6","Package_TO_SOT_SMD:SOT-23-6","https://www.st.com/resource/en/datasheet/usblc6-4.pdf",""
"","","U7","ADUM4160","Interface_USB:ADUM4160","Package_SO:SOIC-16W_7.5x10.3mm_P1.27mm","https://www.analog.com/media/en/technical-documentation/data-sheets/ADuM4160.pdf",""
"","","U8","ISO1050DUB","Interface_CAN_LIN:ISO1050DUB","Package_SO:SOP-8_6.62x9.15mm_P2.54mm","http://www.ti.com/lit/ds/symlink/iso1050.pdf",""
"","","U9","LM2576-5.0","vreg:LM2576","Package_TO_SOT_THT:TO-220-5_P3.4x3.7mm_StaggerEven_Lead3.8mm_Vertical","","Texas Instruments"
"","","U10","LM1117-3.3","Regulator_Linear:LM1117-3.3","Package_TO_SOT_SMD:SOT-223-3_TabPin2","http://www.ti.com/lit/ds/symlink/lm1117.pdf",""
"","","U11","PC817","Isolator:PC817","Package_DIP:DIP-4_W7.62mm","http://www.soselectronic.cz/a_info/resource/d/pc817.pdf",""
"","","U12","PC817","Isolator:PC817","Package_DIP:DIP-4_W7.62mm","http://www.soselectronic.cz/a_info/resource/d/pc817.pdf",""
"","","U13","PC817","Isolator:PC817","Package_DIP:DIP-4_W7.62mm","http://www.soselectronic.cz/a_info/resource/d/pc817.pdf",""
"","","U14","PC817","Isolator:PC817","Package_DIP:DIP-4_W7.62mm","http://www.soselectronic.cz/a_info/resource/d/pc817.pdf",""
"","","U15","PC817","Isolator:PC817","Package_DIP:DIP-4_W7.62mm","http://www.soselectronic.cz/a_info/resource/d/pc817.pdf",""
"","","U16","PC817","Isolator:PC817","Package_DIP:DIP-4_W7.62mm","http://www.soselectronic.cz/a_info/resource/d/pc817.pdf",""
"","","U17","PC817","Isolator:PC817","Package_DIP:DIP-4_W7.62mm","http://www.soselectronic.cz/a_info/resource/d/pc817.pdf",""
"","","U18","PC817","Isolator:PC817","Package_DIP:DIP-4_W7.62mm","http://www.soselectronic.cz/a_info/resource/d/pc817.pdf",""
"","","Y1","8MHz","Device:Crystal","Crystal:Crystal_HC49-U_Vertical","~",""



"Collated Components:"

"Item","Qty","Reference(s)","Value","LibPart","Footprint","Datasheet","Manufacturer"
"1","1","BZ1","Buzzer 3.3V","Device:Buzzer","Buzzer_Beeper:Buzzer_12x9.5RM7.6","~",""
"2","2","C1, C3","1u","Device:C_Small","Capacitor_SMD:C_0805_2012Metric_Pad1.18x1.45mm_HandSolder","~",""
"3","15","C2, C4, C5, C7, C9, C10, C11, C14, C16, C17, C20, C21, C24, C25, C29","0.1","stm32-rescue:C","Capacitor_SMD:C_0603_1608Metric_Pad1.08x0.95mm_HandSolder","~",""
"4","2","C6, C8","12","stm32-rescue:C","Capacitor_SMD:C_0603_1608Metric_Pad1.08x0.95mm_HandSolder","",""
"5","2","C12, C13","0.1","Device:C_Small","Capacitor_SMD:C_0603_1608Metric_Pad1.08x0.95mm_HandSolder","~",""
"6","2","C15, C23","1u","stm32-rescue:C","Capacitor_SMD:C_0805_2012Metric_Pad1.18x1.45mm_HandSolder","",""
"7","2","C18, C19","100u 35V","Device:C_Polarized","Capacitor_THT:CP_Radial_D8.0mm_P3.50mm","~",""
"8","1","C22","1F","stm32-rescue:CP","Capacitor_THT:C_Rect_L18.0mm_W8.0mm_P15.00mm_FKS3_FKP3","",""
"9","1","C26","47u 10V","Device:C_Polarized","Capacitor_Tantalum_SMD:CP_EIA-6032-28_Kemet-C_Pad2.25x2.35mm_HandSolder","~",""
"10","1","C27","47u 6V","stm32-rescue:CP","Capacitor_Tantalum_SMD:CP_EIA-3216-18_Kemet-A_Pad1.58x1.35mm_HandSolder","",""
"11","1","C28","100u 16V","Device:C_Polarized","Capacitor_THT:CP_Radial_D8.0mm_P3.50mm","~",""
"12","2","D1, D2","CESD3V3","Device:D","Diode_SMD:D_0805_2012Metric_Pad1.15x1.40mm_HandSolder","~",""
"13","1","D3","D","Device:D","Diode_SMD:D_0805_2012Metric_Pad1.15x1.40mm_HandSolder","~",""
"14","1","D4","MM3Z7V5","Device:D_Zener","Diode_SMD:D_0805_2012Metric_Pad1.15x1.40mm_HandSolder","~",""
"15","2","D5, D7","MBRS130L","Device:D_Schottky","Diode_SMD:D_SMB_Handsoldering","~",""
"16","1","D6","SS14","Device:D_Schottky","Diode_SMD:D_SMA-SMB_Universal_Handsoldering","~",""
"17","1","D8","USB6B1","elements:USB6B1","Package_SO:SOIC-8_3.9x4.9mm_P1.27mm","",""
"18","1","D9","PESD1CAN","elements:PESD1CAN","Package_TO_SOT_SMD:SOT-23","",""
"19","1","D10","1N5822","Device:D","Diode_THT:D_DO-201_P3.81mm_Vertical_AnodeUp","~",""
"20","1","J1","0","Connector:Conn_01x01_Female","Connector_PinSocket_2.54mm:PinSocket_1x01_P2.54mm_Vertical","~",""
"21","1","J2","1","Connector:Conn_01x01_Female","Connector_PinSocket_2.54mm:PinSocket_1x01_P2.54mm_Vertical","~",""
"22","1","J3","4","Connector:Conn_01x01_Female","Connector_PinSocket_2.54mm:PinSocket_1x01_P2.54mm_Vertical","~",""
"23","1","J4","5","Connector:Conn_01x01_Female","Connector_PinSocket_2.54mm:PinSocket_1x01_P2.54mm_Vertical","~",""
"24","1","J5","6","Connector:Conn_01x01_Female","Connector_PinSocket_2.54mm:PinSocket_1x01_P2.54mm_Vertical","~",""
"25","1","J6","7","Connector:Conn_01x01_Female","Connector_PinSocket_2.54mm:PinSocket_1x01_P2.54mm_Vertical","~",""
"26","1","J7","2","Connector:Conn_01x01_Female","Connector_PinSocket_2.54mm:PinSocket_1x01_P2.54mm_Vertical","~",""
"27","1","J8","3","Connector:Conn_01x01_Female","Connector_PinSocket_2.54mm:PinSocket_1x01_P2.54mm_Vertical","~",""
"28","1","J9","PROG","Connector:Conn_01x06_Female","Connector_PinSocket_1.27mm:PinSocket_1x06_P1.27mm_Vertical","~",""
"29","1","J10","RelayB","Connector:Screw_Terminal_01x03","TerminalBlock_Phoenix:TerminalBlock_Phoenix_MKDS-1,5-3_1x03_P5.00mm_Horizontal","~",""
"30","1","J15","PB10","Connector:Conn_01x01_Female","Connector_PinSocket_2.54mm:PinSocket_1x01_P2.54mm_Vertical","~",""
"31","1","J16","PB11","Connector:Conn_01x01_Female","Connector_PinSocket_2.54mm:PinSocket_1x01_P2.54mm_Vertical","~",""
"32","1","J17","PA15","Connector:Conn_01x01_Female","Connector_PinSocket_2.54mm:PinSocket_1x01_P2.54mm_Vertical","~",""
"33","1","J18","SSI/422","Connector:DB9_Female","Connector_Dsub:DSUB-9_Female_Horizontal_P2.77x2.84mm_EdgePinOffset4.94mm_Housed_MountingHolesOffset7.48mm"," ~",""
"34","1","J19","I2C","Connector:Conn_01x04_Female","Connector_JST:JST_PH_B4B-PH-K_1x04_P2.00mm_Vertical","~",""
"35","1","J20","SPI","Connector:Screw_Terminal_01x06","TerminalBlock_Phoenix:TerminalBlock_Phoenix_MKDS-1,5-6_1x06_P5.00mm_Horizontal","~",""
"36","1","J21","Ain","Connector:Screw_Terminal_01x03","TerminalBlock_Phoenix:TerminalBlock_Phoenix_MKDS-1,5-3_1x03_P5.00mm_Horizontal","~",""
"37","1","J22","PWMout","Connector:Conn_01x03_Male","Connector_JST:JST_PH_B3B-PH-K_1x03_P2.00mm_Vertical","~",""
"38","1","J23","Vin","Connector:Screw_Terminal_01x02","TerminalBlock_Phoenix:TerminalBlock_Phoenix_MKDS-1,5-2_1x02_P5.00mm_Horizontal","~",""
"39","1","J24","Power","Connector:Conn_01x04_Female","Connector_JST:JST_PH_B4B-PH-K_1x04_P2.00mm_Vertical","~",""
"40","1","J25","RelayA","Connector:Screw_Terminal_01x03","TerminalBlock_Phoenix:TerminalBlock_Phoenix_MKDS-1,5-3_1x03_P5.00mm_Horizontal","~",""
"41","1","J26","Vout","Connector:Screw_Terminal_01x02","TerminalBlock_Phoenix:TerminalBlock_Phoenix_MKDS-1,5-2_1x02_P5.00mm_Horizontal","~",""
"42","1","J27","5Vout","Connector:Screw_Terminal_01x02","TerminalBlock_Phoenix:TerminalBlock_Phoenix_MKDS-1,5-2_1x02_P5.00mm_Horizontal","~",""
"43","1","J28","CAN","Connector:DB9_Female","Connector_Dsub:DSUB-9_Female_Horizontal_P2.77x2.84mm_EdgePinOffset4.94mm_Housed_MountingHolesOffset7.48mm"," ~",""
"44","1","J29","USB_B","Connector:USB_B","Connector_USB:USB_B_OST_USB-B1HSxx_Horizontal"," ~",""
"45","1","J30","EXT_IN","Connector:Screw_Terminal_01x10","Connector_Phoenix_MC_HighVoltage:PhoenixContact_MC_1,5_10-GF-5.08_1x10_P5.08mm_Horizontal_ThreadedFlange","~",""
"46","1","J38","PA8","Connector:Conn_01x01_Female","Connector_PinSocket_2.54mm:PinSocket_1x01_P2.54mm_Vertical","~",""
"47","1","JP1","Tx","Jumper:Jumper_3_Open","Connector_PinHeader_2.54mm:PinHeader_1x03_P2.54mm_Vertical","~",""
"48","1","JP2","Rx","Jumper:Jumper_3_Open","Connector_PinHeader_2.54mm:PinHeader_1x03_P2.54mm_Vertical","~",""
"49","1","JP3","SSI_VR","Jumper:Jumper_3_Open","Connector_PinHeader_2.54mm:PinHeader_1x03_P2.54mm_Vertical","~",""
"50","1","JP4","SSI_Z","Jumper:Jumper_3_Open","Connector_PinHeader_2.54mm:PinHeader_1x03_P2.54mm_Vertical","~",""
"51","1","K1","HF115F-024-2ZS4","Relay:FINDER-41.52","Relay_THT:Relay_DPDT_Finder_40.52","http://gfinder.findernet.com/assets/Series/357/S41EN.pdf",""
"52","1","L1","100u","Device:L","Inductor_THT:L_Toroid_Horizontal_D6.5mm_P10.00mm_Diameter7-5mm_Amidon-T25","~",""
"53","6","P1, P2, P3, P4, P5, P6","Hole","stm32-rescue:CONN_01X01","my_footprints:Hole_3mm","",""
"54","2","Q1, Q8","B0505S-1W","elements:B0505S","my_footprints:B0x0xS","",""
"55","1","Q2","VRB2405YMD","elements:VRB2405YMD","my_footprints:VRB2405","",""
"56","1","Q3","B0505S-2W","elements:B0505S-2W","my_footprints:B0505S-2W","",""
"57","2","Q4, Q5","SI2300","Device:Q_NMOS_GSD","Package_TO_SOT_SMD:SOT-23_Handsoldering","~",""
"58","1","Q6","SI2308","Device:Q_NMOS_GSD","Package_TO_SOT_SMD:SOT-23_Handsoldering","~",""
"59","1","Q7","IRF9310","elements:IRF9310","Package_SO:SO-8_3.9x4.9mm_P1.27mm","~",""
"60","5","R1, R19, R20, R29, R30","22","stm32-rescue:R","Resistor_SMD:R_0603_1608Metric_Pad0.98x0.95mm_HandSolder","~",""
"61","9","R2, R9, R10, R12, R13, R14, R15, R16, R17","10k","Device:R","Resistor_SMD:R_0603_1608Metric_Pad0.98x0.95mm_HandSolder","~",""
"62","3","R3, R4, R21","4k7","Device:R","Resistor_SMD:R_0603_1608Metric_Pad0.98x0.95mm_HandSolder","~",""
"63","2","R5, R6","100","Device:R","Resistor_SMD:R_0603_1608Metric_Pad0.98x0.95mm_HandSolder","~",""
"64","3","R7, R11, R18","330","Device:R","Resistor_SMD:R_0603_1608Metric_Pad0.98x0.95mm_HandSolder","~",""
"65","1","R8","91k","Device:R","Resistor_SMD:R_0603_1608Metric_Pad0.98x0.95mm_HandSolder","~",""
"66","6","R22, R23, R24, R25, R26, R27","7.5","Device:R","Resistor_SMD:R_2010_5025Metric_Pad1.40x2.65mm_HandSolder","~",""
"67","1","R28","120","stm32-rescue:R","Resistor_SMD:R_1210_3225Metric_Pad1.30x2.65mm_HandSolder","",""
"68","8","R31, R32, R33, R34, R35, R36, R37, R38","360","Device:R","Resistor_SMD:R_0603_1608Metric_Pad0.98x0.95mm_HandSolder","~",""
"69","2","RV1, RV2","50k","Device:R_Potentiometer_Small","Potentiometer_THT:Potentiometer_Bourns_3296W_Vertical","~",""
"70","2","SW1, SW3","SW_Push","Switch:SW_Push","Button_Switch_SMD:SW_SPST_FSMSM","~",""
"71","1","SW2","SW_DIP_x04","Switch:SW_DIP_x04","Button_Switch_THT:SW_DIP_SPSTx04_Slide_9.78x12.34mm_W7.62mm_P2.54mm","~",""
"72","1","SW4","SW_DIP_x01","Switch:SW_DIP_x01","Button_Switch_THT:SW_DIP_SPSTx01_Slide_6.7x4.1mm_W7.62mm_P2.54mm_LowProfile","~",""
"73","1","TP1","4.6V","Connector:TestPoint","Connector_PinSocket_2.54mm:PinSocket_1x01_P2.54mm_Vertical","~",""
"74","2","TP2, TP3","Gnd","Connector:TestPoint","Connector_PinSocket_2.54mm:PinSocket_1x01_P2.54mm_Vertical","~",""
"75","1","TP4","3.3V","Connector:TestPoint","Connector_PinSocket_2.54mm:PinSocket_1x01_P2.54mm_Vertical","~",""
"76","1","TP5","5V","Connector:TestPoint","Connector_PinSocket_2.54mm:PinSocket_1x01_P2.54mm_Vertical","~",""
"77","2","U1, U2","74HC4051","74xx:74HC4051","Package_SO:SOIC-16_3.9x9.9mm_P1.27mm","http://www.ti.com/lit/ds/symlink/cd74hc4051.pdf",""
"78","1","U3","ISO3086","iso3086:ISO3086","Package_SO:SOIC-16W_7.5x10.3mm_P1.27mm","",""
"79","1","U4","STM32F072C8Tx","MCU_ST_STM32F0:STM32F072C8Tx","Package_QFP:LQFP-48_7x7mm_P0.5mm","http://www.st.com/st-web-ui/static/active/en/resource/technical/document/datasheet/DM00090510.pdf",""
"80","1","U5","ISO7241C","Isolator:ISO7341C","Package_SO:SOIC-16W_7.5x10.3mm_P1.27mm","http://www.ti.com/general/docs/lit/getliterature.tsp?genericPartNumber=iso7341c&fileType=pdf",""
"81","1","U6","IP4220CZ6","Power_Protection:USBLC6-4SC6","Package_TO_SOT_SMD:SOT-23-6","https://www.st.com/resource/en/datasheet/usblc6-4.pdf",""
"82","1","U7","ADUM4160","Interface_USB:ADUM4160","Package_SO:SOIC-16W_7.5x10.3mm_P1.27mm","https://www.analog.com/media/en/technical-documentation/data-sheets/ADuM4160.pdf",""
"83","1","U8","ISO1050DUB","Interface_CAN_LIN:ISO1050DUB","Package_SO:SOP-8_6.62x9.15mm_P2.54mm","http://www.ti.com/lit/ds/symlink/iso1050.pdf",""
"84","1","U9","LM2576-5.0","vreg:LM2576","Package_TO_SOT_THT:TO-220-5_P3.4x3.7mm_StaggerEven_Lead3.8mm_Vertical","","Texas Instruments"
"85","1","U10","LM1117-3.3","Regulator_Linear:LM1117-3.3","Package_TO_SOT_SMD:SOT-223-3_TabPin2","http://www.ti.com/lit/ds/symlink/lm1117.pdf",""
"86","8","U11, U12, U13, U14, U15, U16, U17, U18","PC817","Isolator:PC817","Package_DIP:DIP-4_W7.62mm","http://www.soselectronic.cz/a_info/resource/d/pc817.pdf",""
"87","1","Y1","8MHz","Device:Crystal","Crystal:Crystal_HC49-U_Vertical","~",""
