"Source:","/home/eddy/Docs/SAO/ELECTRONICS/STM32/F1-srcs/Canon_managing_device/kicad/Canon_manage/Canon_manage.kicad_sch"
"Date:","Вт 02 мая 2023 17:14:28"
"Tool:","Eeschema 6.0.10"
"Generator:","/usr/local/share/kicad/plugins/bom_csv_grouped_by_value.py"
"Component Count:","59"

"Individual Components:"

"Item","Qty","Reference(s)","Value","LibPart","Footprint","Datasheet"
"","","C1","6","Device:C","Capacitor_SMD:C_0603_1608Metric_Pad1.08x0.95mm_HandSolder","~"
"","","C2","6","Device:C","Capacitor_SMD:C_0603_1608Metric_Pad1.08x0.95mm_HandSolder","~"
"","","C3","1u","Device:C","Capacitor_SMD:C_0805_2012Metric_Pad1.18x1.45mm_HandSolder","~"
"","","C4","0.1","Device:C","Capacitor_SMD:C_0603_1608Metric_Pad1.08x0.95mm_HandSolder","~"
"","","C5","0.1","Device:C","Capacitor_SMD:C_0603_1608Metric_Pad1.08x0.95mm_HandSolder","~"
"","","C6","0.1","Device:C","Capacitor_SMD:C_0603_1608Metric_Pad1.08x0.95mm_HandSolder","~"
"","","C7","0.1","Device:C","Capacitor_SMD:C_0603_1608Metric_Pad1.08x0.95mm_HandSolder","~"
"","","C8","0.1","Device:C","Capacitor_SMD:C_0603_1608Metric_Pad1.08x0.95mm_HandSolder","~"
"","","C9","47u","Device:C_Polarized","Capacitor_Tantalum_SMD:CP_EIA-6032-28_Kemet-C_Pad2.25x2.35mm_HandSolder","~"
"","","D1","SP0504BAHT","Power_Protection:SP0504BAHT","Package_TO_SOT_SMD:SOT-23-5","http://www.littelfuse.com/~/media/files/littelfuse/technical%20resources/documents/data%20sheets/sp05xxba.pdf"
"","","H1","MountingHole","Mechanical:MountingHole","MountingHole:MountingHole_3.2mm_M3","~"
"","","H2","MountingHole","Mechanical:MountingHole","MountingHole:MountingHole_3.2mm_M3","~"
"","","H3","MountingHole","Mechanical:MountingHole","MountingHole:MountingHole_3.2mm_M3","~"
"","","H4","MountingHole","Mechanical:MountingHole","MountingHole:MountingHole_3.2mm_M3","~"
"","","J1","SWD","Connector:Conn_01x06_Female","Connector_PinHeader_1.27mm:PinHeader_1x06_P1.27mm_Vertical","~"
"","","J2","PV","Connector:Conn_01x01_Male","pins:Pin1.5x2mm","~"
"","","J3","Ldet","Connector:Conn_01x01_Male","pins:Pin1.5x2mm","~"
"","","J4","PGnd","Connector:Conn_01x01_Male","pins:Pin1.5x2mm","~"
"","","J5","LV","Connector:Conn_01x01_Male","pins:Pin1.5x2mm","~"
"","","J6","MOSI","Connector:Conn_01x01_Male","pins:Pin1.5x2mm","~"
"","","J7","MISO","Connector:Conn_01x01_Male","pins:Pin1.5x2mm","~"
"","","J8","SCK","Connector:Conn_01x01_Male","pins:Pin1.5x2mm","~"
"","","J9","LGnd","Connector:Conn_01x01_Male","pins:Pin1.5x2mm","~"
"","","J10","PWM0","Connector_Generic:Conn_01x01","Connector_PinHeader_2.54mm:PinHeader_1x01_P2.54mm_Vertical","~"
"","","J11","PWM1","Connector_Generic:Conn_01x01","Connector_PinHeader_2.54mm:PinHeader_1x01_P2.54mm_Vertical","~"
"","","J12","PWM2","Connector_Generic:Conn_01x01","Connector_PinHeader_2.54mm:PinHeader_1x01_P2.54mm_Vertical","~"
"","","J26","5v","Connector_Generic:Conn_01x01","Connector_PinHeader_2.54mm:PinHeader_1x01_P2.54mm_Vertical","~"
"","","J35","GND","Connector_Generic:Conn_01x01","Connector_PinHeader_2.54mm:PinHeader_1x01_P2.54mm_Vertical","~"
"","","J36","3v3","Connector_Generic:Conn_01x01","Connector_PinHeader_2.54mm:PinHeader_1x01_P2.54mm_Vertical","~"
"","","J37","USB_C_Receptacle","Connector:USB_C_Receptacle","Connector_USB:USB_C_Receptacle_HRO_TYPE-C-31-M-12","https://www.usb.org/sites/default/files/documents/usb_type-c.zip"
"","","JP1","CANbus","Jumper:SolderJumper_2_Bridged","Jumper:SolderJumper-2_P1.3mm_Open_TrianglePad1.0x1.5mm","~"
"","","Q1","DTA114Y","Transistor_BJT:DTA114Y","Package_TO_SOT_SMD:SOT-323_SC-70_Handsoldering",""
"","","Q2","SI2302","Device:Q_NMOS_GSD","Package_TO_SOT_SMD:SOT-23_Handsoldering","~"
"","","Q3","SI2302","Device:Q_NMOS_GSD","Package_TO_SOT_SMD:SOT-23_Handsoldering","~"
"","","Q4","SI2302","Device:Q_NMOS_GSD","Package_TO_SOT_SMD:SOT-23_Handsoldering","~"
"","","R1","10k","Device:R","Resistor_SMD:R_0603_1608Metric_Pad0.98x0.95mm_HandSolder","~"
"","","R2","47","Device:R","Resistor_SMD:R_0603_1608Metric_Pad0.98x0.95mm_HandSolder","~"
"","","R3","47","Device:R","Resistor_SMD:R_0603_1608Metric_Pad0.98x0.95mm_HandSolder","~"
"","","R4","47","Device:R","Resistor_SMD:R_0603_1608Metric_Pad0.98x0.95mm_HandSolder","~"
"","","R5","47","Device:R","Resistor_SMD:R_0603_1608Metric_Pad0.98x0.95mm_HandSolder","~"
"","","R6","4k7","Device:R","Resistor_SMD:R_0603_1608Metric_Pad0.98x0.95mm_HandSolder","~"
"","","R7","22","Device:R","Resistor_SMD:R_0603_1608Metric_Pad0.98x0.95mm_HandSolder","~"
"","","R8","22","Device:R","Resistor_SMD:R_0603_1608Metric_Pad0.98x0.95mm_HandSolder","~"
"","","R9","4k7","Device:R","Resistor_SMD:R_0603_1608Metric_Pad0.98x0.95mm_HandSolder","~"
"","","R10","1k5","Device:R","Resistor_SMD:R_0603_1608Metric_Pad0.98x0.95mm_HandSolder","~"
"","","R11","4k7","Device:R","Resistor_SMD:R_0603_1608Metric_Pad0.98x0.95mm_HandSolder","~"
"","","R12","4k7","Device:R","Resistor_SMD:R_0603_1608Metric_Pad0.98x0.95mm_HandSolder","~"
"","","R13","330","Device:R","Resistor_SMD:R_0603_1608Metric_Pad0.98x0.95mm_HandSolder","~"
"","","R14","4k7","Device:R","Resistor_SMD:R_0603_1608Metric_Pad0.98x0.95mm_HandSolder","~"
"","","R15","330","Device:R","Resistor_SMD:R_0603_1608Metric_Pad0.98x0.95mm_HandSolder","~"
"","","R16","4k7","Device:R","Resistor_SMD:R_0603_1608Metric_Pad0.98x0.95mm_HandSolder","~"
"","","R17","330","Device:R","Resistor_SMD:R_0603_1608Metric_Pad0.98x0.95mm_HandSolder","~"
"","","R18","4k7","Device:R","Resistor_SMD:R_0603_1608Metric_Pad0.98x0.95mm_HandSolder","~"
"","","U1","STM32F103C6Tx","MCU_ST_STM32F1:STM32F103C6Tx","Package_QFP:LQFP-48_7x7mm_P0.5mm","http://www.st.com/st-web-ui/static/active/en/resource/technical/document/datasheet/CD00210843.pdf"
"","","U2","LM1117-3.3","Regulator_Linear:LM1117-3.3","Package_TO_SOT_SMD:SOT-223-3_TabPin2","http://www.ti.com/lit/ds/symlink/lm1117.pdf"
"","","U3","USBLC6-2SC6","Power_Protection:USBLC6-2SC6","Package_TO_SOT_SMD:SOT-23-6_Handsoldering","https://www.st.com/resource/en/datasheet/usblc6-2.pdf"
"","","U4","MCP2551-I-SN","Interface_CAN_LIN:MCP2551-I-SN","Package_SO:SOIC-8_3.9x4.9mm_P1.27mm","http://ww1.microchip.com/downloads/en/devicedoc/21667d.pdf"
"","","U5","TPS2051BDVR","TPS2051:TPS2051BDVR","Package_TO_SOT_SMD:SOT-23-5_HandSoldering",""
"","","Y1","NX5032GA-8MHz","Device:Crystal","Crystal:Crystal_SMD_5032-2Pin_5.0x3.2mm","~"



"Collated Components:"

"Item","Qty","Reference(s)","Value","LibPart","Footprint","Datasheet"
"1","2","C1, C2","6","Device:C","Capacitor_SMD:C_0603_1608Metric_Pad1.08x0.95mm_HandSolder","~"
"2","1","C3","1u","Device:C","Capacitor_SMD:C_0805_2012Metric_Pad1.18x1.45mm_HandSolder","~"
"3","5","C4, C5, C6, C7, C8","0.1","Device:C","Capacitor_SMD:C_0603_1608Metric_Pad1.08x0.95mm_HandSolder","~"
"4","1","C9","47u","Device:C_Polarized","Capacitor_Tantalum_SMD:CP_EIA-6032-28_Kemet-C_Pad2.25x2.35mm_HandSolder","~"
"5","1","D1","SP0504BAHT","Power_Protection:SP0504BAHT","Package_TO_SOT_SMD:SOT-23-5","http://www.littelfuse.com/~/media/files/littelfuse/technical%20resources/documents/data%20sheets/sp05xxba.pdf"
"6","4","H1, H2, H3, H4","MountingHole","Mechanical:MountingHole","MountingHole:MountingHole_3.2mm_M3","~"
"7","1","J1","SWD","Connector:Conn_01x06_Female","Connector_PinHeader_1.27mm:PinHeader_1x06_P1.27mm_Vertical","~"
"8","1","J2","PV","Connector:Conn_01x01_Male","pins:Pin1.5x2mm","~"
"9","1","J3","Ldet","Connector:Conn_01x01_Male","pins:Pin1.5x2mm","~"
"10","1","J4","PGnd","Connector:Conn_01x01_Male","pins:Pin1.5x2mm","~"
"11","1","J5","LV","Connector:Conn_01x01_Male","pins:Pin1.5x2mm","~"
"12","1","J6","MOSI","Connector:Conn_01x01_Male","pins:Pin1.5x2mm","~"
"13","1","J7","MISO","Connector:Conn_01x01_Male","pins:Pin1.5x2mm","~"
"14","1","J8","SCK","Connector:Conn_01x01_Male","pins:Pin1.5x2mm","~"
"15","1","J9","LGnd","Connector:Conn_01x01_Male","pins:Pin1.5x2mm","~"
"16","1","J10","PWM0","Connector_Generic:Conn_01x01","Connector_PinHeader_2.54mm:PinHeader_1x01_P2.54mm_Vertical","~"
"17","1","J11","PWM1","Connector_Generic:Conn_01x01","Connector_PinHeader_2.54mm:PinHeader_1x01_P2.54mm_Vertical","~"
"18","1","J12","PWM2","Connector_Generic:Conn_01x01","Connector_PinHeader_2.54mm:PinHeader_1x01_P2.54mm_Vertical","~"
"19","1","J26","5v","Connector_Generic:Conn_01x01","Connector_PinHeader_2.54mm:PinHeader_1x01_P2.54mm_Vertical","~"
"20","1","J35","GND","Connector_Generic:Conn_01x01","Connector_PinHeader_2.54mm:PinHeader_1x01_P2.54mm_Vertical","~"
"21","1","J36","3v3","Connector_Generic:Conn_01x01","Connector_PinHeader_2.54mm:PinHeader_1x01_P2.54mm_Vertical","~"
"22","1","J37","USB_C_Receptacle","Connector:USB_C_Receptacle","Connector_USB:USB_C_Receptacle_HRO_TYPE-C-31-M-12","https://www.usb.org/sites/default/files/documents/usb_type-c.zip"
"23","1","JP1","CANbus","Jumper:SolderJumper_2_Bridged","Jumper:SolderJumper-2_P1.3mm_Open_TrianglePad1.0x1.5mm","~"
"24","1","Q1","DTA114Y","Transistor_BJT:DTA114Y","Package_TO_SOT_SMD:SOT-323_SC-70_Handsoldering",""
"25","3","Q2, Q3, Q4","SI2302","Device:Q_NMOS_GSD","Package_TO_SOT_SMD:SOT-23_Handsoldering","~"
"26","1","R1","10k","Device:R","Resistor_SMD:R_0603_1608Metric_Pad0.98x0.95mm_HandSolder","~"
"27","4","R2, R3, R4, R5","47","Device:R","Resistor_SMD:R_0603_1608Metric_Pad0.98x0.95mm_HandSolder","~"
"28","7","R6, R9, R11, R12, R14, R16, R18","4k7","Device:R","Resistor_SMD:R_0603_1608Metric_Pad0.98x0.95mm_HandSolder","~"
"29","2","R7, R8","22","Device:R","Resistor_SMD:R_0603_1608Metric_Pad0.98x0.95mm_HandSolder","~"
"30","1","R10","1k5","Device:R","Resistor_SMD:R_0603_1608Metric_Pad0.98x0.95mm_HandSolder","~"
"31","3","R13, R15, R17","330","Device:R","Resistor_SMD:R_0603_1608Metric_Pad0.98x0.95mm_HandSolder","~"
"32","1","U1","STM32F103C6Tx","MCU_ST_STM32F1:STM32F103C6Tx","Package_QFP:LQFP-48_7x7mm_P0.5mm","http://www.st.com/st-web-ui/static/active/en/resource/technical/document/datasheet/CD00210843.pdf"
"33","1","U2","LM1117-3.3","Regulator_Linear:LM1117-3.3","Package_TO_SOT_SMD:SOT-223-3_TabPin2","http://www.ti.com/lit/ds/symlink/lm1117.pdf"
"34","1","U3","USBLC6-2SC6","Power_Protection:USBLC6-2SC6","Package_TO_SOT_SMD:SOT-23-6_Handsoldering","https://www.st.com/resource/en/datasheet/usblc6-2.pdf"
"35","1","U4","MCP2551-I-SN","Interface_CAN_LIN:MCP2551-I-SN","Package_SO:SOIC-8_3.9x4.9mm_P1.27mm","http://ww1.microchip.com/downloads/en/devicedoc/21667d.pdf"
"36","1","U5","TPS2051BDVR","TPS2051:TPS2051BDVR","Package_TO_SOT_SMD:SOT-23-5_HandSoldering",""
"37","1","Y1","NX5032GA-8MHz","Device:Crystal","Crystal:Crystal_SMD_5032-2Pin_5.0x3.2mm","~"
